index,Player,RECEIVING REC,RECEIVING YDS,RECEIVING TDS,MISC FL,MISC FPTS,Position,PASSING ATT,PASSING CMP,PASSING YDS,PASSING TDS,PASSING INTS,RUSHING ATT,RUSHING YDS,RUSHING TDS,SACK,INT,FR,FF,TD,SAFETY,PA,YDS AGN,FPTS,FG,FGA,XPT
0,Zach Ertz,7.0,76.9,0.6,0.1,18.0,te,,,,,,,,,,,,,,,,,18.0,,,
1,Travis Kelce,5.6,82.7,0.6,0.1,17.5,te,,,,,,,,,,,,,,,,,17.5,,,
2,George Kittle,5.8,69.6,0.5,0.1,15.6,te,,,,,,,,,,,,,,,,,15.6,,,
3,Evan Engram,5.4,59.6,0.5,0.0,14.4,te,,,,,,,,,,,,,,,,,14.4,,,
4,Mark Andrews,4.7,55.8,0.6,0.0,13.7,te,,,,,,,,,,,,,,,,,13.7,,,
5,Delanie Walker,4.6,50.0,0.4,0.0,11.7,te,,,,,,,,,,,,,,,,,11.7,,,
6,Darren Waller,5.3,50.4,0.2,0.1,11.5,te,,,,,,,,,,,,,,,,,11.5,,,
7,Greg Olsen,3.7,49.0,0.4,0.0,10.7,te,,,,,,,,,,,,,,,,,10.7,,,
8,Austin Hooper,4.9,47.8,0.1,0.0,10.4,te,,,,,,,,,,,,,,,,,10.4,,,
9,Jason Witten,3.6,38.3,0.4,0.0,10.0,te,,,,,,,,,,,,,,,,,10.0,,,
10,Vance McDonald,4.1,43.1,0.2,0.0,9.4,te,,,,,,,,,,,,,,,,,9.4,,,
11,T.J. Hockenson,3.8,44.4,0.2,0.0,9.1,te,,,,,,,,,,,,,,,,,9.1,,,
12,Jimmy Graham,3.0,37.1,0.3,0.0,8.7,te,,,,,,,,,,,,,,,,,8.7,,,
13,Vernon Davis,3.5,40.3,0.1,0.0,8.3,te,,,,,,,,,,,,,,,,,8.3,,,
14,Jared Cook,3.3,40.4,0.1,0.0,8.1,te,,,,,,,,,,,,,,,,,8.1,,,
15,O.J. Howard,2.9,42.3,0.2,0.1,8.0,te,,,,,,,,,,,,,,,,,8.0,,,
16,Eric Ebron,3.0,36.4,0.2,0.0,7.8,te,,,,,,,,,,,,,,,,,7.8,,,
17,Kyle Rudolph,3.0,33.3,0.2,0.0,7.4,te,,,,,,,,,,,,,,,,,7.4,,,
18,Gerald Everett,2.9,30.5,0.1,0.0,6.8,te,,,,,,,,,,,,,,,,,6.8,,,
19,Will Dissly,2.5,33.2,0.2,0.0,6.7,te,,,,,,,,,,,,,,,,,6.7,,,
20,Tyler Eifert,2.7,29.2,0.1,0.0,6.4,te,,,,,,,,,,,,,,,,,6.4,,,
21,Jack Doyle,2.9,29.1,0.1,0.1,6.3,te,,,,,,,,,,,,,,,,,6.3,,,
22,Noah Fant,2.6,32.2,0.1,0.0,6.2,te,,,,,,,,,,,,,,,,,6.2,,,
23,Dallas Goedert,2.2,26.6,0.2,0.0,5.8,te,,,,,,,,,,,,,,,,,5.8,,,
24,Demetrius Harris,2.4,27.4,0.1,0.0,5.8,te,,,,,,,,,,,,,,,,,5.8,,,
25,Trey Burton,2.1,26.2,0.1,0.0,5.3,te,,,,,,,,,,,,,,,,,5.3,,,
26,Mike Gesicki,2.3,25.9,0.1,0.1,5.1,te,,,,,,,,,,,,,,,,,5.1,,,
27,Virgil Green,2.2,22.9,0.1,0.0,5.0,te,,,,,,,,,,,,,,,,,5.0,,,
28,Ryan Griffin,2.2,24.1,0.1,0.0,4.9,te,,,,,,,,,,,,,,,,,4.9,,,
29,James O'Shaughnessy,2.4,21.4,0.1,0.0,4.9,te,,,,,,,,,,,,,,,,,4.9,,,
30,Blake Jarwin,1.8,24.0,0.1,0.0,4.9,te,,,,,,,,,,,,,,,,,4.9,,,
31,Geoff Swaim,2.4,20.8,0.1,0.0,4.8,te,,,,,,,,,,,,,,,,,4.8,,,
32,Hayden Hurst,1.7,20.3,0.1,0.0,4.4,te,,,,,,,,,,,,,,,,,4.4,,,
33,Cameron Brate,1.6,19.6,0.1,0.0,4.3,te,,,,,,,,,,,,,,,,,4.3,,,
34,C.J. Uzomah,1.8,20.1,0.1,0.0,4.1,te,,,,,,,,,,,,,,,,,4.1,,,
35,Dawson Knox,1.6,18.2,0.1,0.0,4.1,te,,,,,,,,,,,,,,,,,4.1,,,
36,Jordan Akins,1.6,20.3,0.1,0.0,4.0,te,,,,,,,,,,,,,,,,,4.0,,,
37,Jeff Heuerman,1.6,16.4,0.1,0.0,3.7,te,,,,,,,,,,,,,,,,,3.7,,,
38,Jesse James,1.4,15.1,0.1,0.0,3.4,te,,,,,,,,,,,,,,,,,3.4,,,
39,Ricky Seals-Jones,1.4,15.8,0.1,0.0,3.3,te,,,,,,,,,,,,,,,,,3.3,,,
40,Tommy Sweeney,1.4,14.8,0.1,0.0,3.3,te,,,,,,,,,,,,,,,,,3.3,,,
41,Marcedes Lewis,1.2,14.0,0.1,0.0,3.2,te,,,,,,,,,,,,,,,,,3.2,,,
42,Nick Vannett,1.3,14.1,0.1,0.0,3.1,te,,,,,,,,,,,,,,,,,3.1,,,
43,Derek Carrier,1.4,13.3,0.0,0.0,2.9,te,,,,,,,,,,,,,,,,,2.9,,,
44,Nick Boyle,1.2,12.7,0.1,0.0,2.9,te,,,,,,,,,,,,,,,,,2.9,,,
45,Adam Shaheen,1.2,13.0,0.1,0.0,2.8,te,,,,,,,,,,,,,,,,,2.8,,,
46,Darren Fells,1.0,12.0,0.1,0.0,2.7,te,,,,,,,,,,,,,,,,,2.7,,,
47,Irv Smith Jr.,1.0,13.0,0.1,0.0,2.7,te,,,,,,,,,,,,,,,,,2.7,,,
48,Jonnu Smith,1.0,12.2,0.0,0.0,2.4,te,,,,,,,,,,,,,,,,,2.4,,,
49,Tanner Hudson,0.8,9.3,0.1,0.0,2.3,te,,,,,,,,,,,,,,,,,2.3,,,
50,Charles Clay,0.9,12.6,0.0,0.0,2.3,te,,,,,,,,,,,,,,,,,2.3,,,
51,Rhett Ellison,1.0,11.4,0.0,0.0,2.3,te,,,,,,,,,,,,,,,,,2.3,,,
52,Ryan Izzo,0.8,10.6,0.1,0.0,2.2,te,,,,,,,,,,,,,,,,,2.2,,,
53,Maxx Williams,0.9,11.0,0.0,0.0,2.2,te,,,,,,,,,,,,,,,,,2.2,,,
54,Nick O'Leary,0.9,10.0,0.0,0.0,2.1,te,,,,,,,,,,,,,,,,,2.1,,,
55,Deon Yelder,0.7,7.8,0.1,0.0,2.1,te,,,,,,,,,,,,,,,,,2.1,,,
56,Mo Alie-Cox,0.7,10.1,0.1,0.0,2.1,te,,,,,,,,,,,,,,,,,2.1,,,
57,Matt LaCosse,1.0,10.4,0.0,0.0,2.0,te,,,,,,,,,,,,,,,,,2.0,,,
58,Blake Bell,0.8,9.2,0.1,0.0,2.0,te,,,,,,,,,,,,,,,,,2.0,,,
59,Zach Gentry,0.7,7.0,0.1,0.0,2.0,te,,,,,,,,,,,,,,,,,2.0,,,
60,Foster Moreau,0.9,9.7,0.0,0.0,2.0,te,,,,,,,,,,,,,,,,,2.0,,,
61,Josh Hill,0.9,8.7,0.0,0.0,1.9,te,,,,,,,,,,,,,,,,,1.9,,,
62,Ian Thomas,0.7,9.1,0.0,0.0,1.8,te,,,,,,,,,,,,,,,,,1.8,,,
63,Jeremy Sprinkle,0.7,8.1,0.0,0.0,1.8,te,,,,,,,,,,,,,,,,,1.8,,,
64,Luke Stocker,0.7,8.2,0.0,0.0,1.8,te,,,,,,,,,,,,,,,,,1.8,,,
65,Drew Sample,0.8,7.9,0.0,0.0,1.7,te,,,,,,,,,,,,,,,,,1.7,,,
66,Robert Tonyan,0.6,9.5,0.0,0.0,1.7,te,,,,,,,,,,,,,,,,,1.7,,,
67,Ben Braunecker,0.6,8.1,0.0,0.0,1.5,te,,,,,,,,,,,,,,,,,1.5,,,
68,Tyler Conklin,0.5,7.7,0.0,0.0,1.4,te,,,,,,,,,,,,,,,,,1.4,,,
69,Logan Paulsen,0.5,5.8,0.0,0.0,1.3,te,,,,,,,,,,,,,,,,,1.3,,,
70,MyCole Pruitt,0.5,5.7,0.0,0.0,1.3,te,,,,,,,,,,,,,,,,,1.3,,,
71,Sean Culkin,0.4,7.5,0.0,0.0,1.2,te,,,,,,,,,,,,,,,,,1.2,,,
72,Evan Baylis,0.5,5.0,0.0,0.0,1.2,te,,,,,,,,,,,,,,,,,1.2,,,
73,Chris Manhertz,0.4,6.9,0.0,0.0,1.2,te,,,,,,,,,,,,,,,,,1.2,,,
74,Levine Toilolo,0.4,5.8,0.0,0.0,1.2,te,,,,,,,,,,,,,,,,,1.2,,,
75,Lee Smith,0.4,4.6,0.0,0.0,1.1,te,,,,,,,,,,,,,,,,,1.1,,,
76,Ross Dwelley,0.4,5.4,0.0,0.0,1.1,te,,,,,,,,,,,,,,,,,1.1,,,
77,Xavier Grimble,0.5,6.8,0.0,0.1,1.1,te,,,,,,,,,,,,,,,,,1.1,,,
78,Logan Thomas,0.4,6.0,0.0,0.0,1.1,te,,,,,,,,,,,,,,,,,1.1,,,
79,Johnny Mundt,0.5,5.2,0.0,0.0,1.1,te,,,,,,,,,,,,,,,,,1.1,,,
80,Dalton Schultz,0.4,4.6,0.0,0.0,1.0,te,,,,,,,,,,,,,,,,,1.0,,,
81,Antony Auclair,0.4,4.6,0.0,0.0,1.0,te,,,,,,,,,,,,,,,,,1.0,,,
82,Lance Kendricks,0.4,4.9,0.0,0.0,1.0,te,,,,,,,,,,,,,,,,,1.0,,,
83,Durham Smythe,0.4,5.9,0.0,0.0,1.0,te,,,,,,,,,,,,,,,,,1.0,,,
84,Jerell Adams,0.4,3.8,0.0,0.0,0.9,te,,,,,,,,,,,,,,,,,0.9,,,
85,Anthony Firkser,0.4,5.0,0.0,0.0,0.9,te,,,,,,,,,,,,,,,,,0.9,,,
86,Seth DeValve,0.4,4.0,0.0,0.0,0.9,te,,,,,,,,,,,,,,,,,0.9,,,
87,Eric Tomlinson,0.4,4.1,0.0,0.0,0.8,te,,,,,,,,,,,,,,,,,0.8,,,
88,David Morgan,0.3,3.5,0.0,0.0,0.8,te,,,,,,,,,,,,,,,,,0.8,,,
89,Troy Fumagalli,0.3,4.6,0.0,0.0,0.8,te,,,,,,,,,,,,,,,,,0.8,,,
90,Trevon Wesco,0.3,5.0,0.0,0.0,0.8,te,,,,,,,,,,,,,,,,,0.8,,,
91,Daniel Brown,0.3,3.3,0.0,0.0,0.6,te,,,,,,,,,,,,,,,,,0.6,,,
92,Pharaoh Brown,0.2,3.9,0.0,0.0,0.6,te,,,,,,,,,,,,,,,,,0.6,,,
93,Garrett Celek,0.2,2.5,0.0,0.0,0.6,te,,,,,,,,,,,,,,,,,0.6,,,
94,Jaeden Graham,0.2,2.3,0.0,0.0,0.4,te,,,,,,,,,,,,,,,,,0.4,,,
95,Cethan Carter,0.2,1.7,0.0,0.0,0.4,te,,,,,,,,,,,,,,,,,0.4,,,
96,Patrick Scales,0.1,1.0,0.0,0.0,0.2,te,,,,,,,,,,,,,,,,,0.2,,,
97,Andrew Beck,0.1,1.0,0.0,0.0,0.2,te,,,,,,,,,,,,,,,,,0.2,,,
98,Bradley Sowell,0.1,1.0,0.0,0.0,0.2,te,,,,,,,,,,,,,,,,,0.2,,,
99,Beau Brinkley,0.0,5.9,0.0,0.0,0.0,te,,,,,,,,,,,,,,,,,0.0,,,
100,Dan Arnold,0.0,3.6,0.0,0.0,0.0,te,,,,,,,,,,,,,,,,,0.0,,,
101,Darrell Daniels,0.0,4.5,0.0,0.0,0.0,te,,,,,,,,,,,,,,,,,0.0,,,
102,Jordan Leggett,0.0,4.5,0.0,0.0,0.0,te,,,,,,,,,,,,,,,,,0.0,,,
103,Brandon Dillon,0.0,5.4,0.0,0.0,0.0,te,,,,,,,,,,,,,,,,,0.0,,,
104,Stephen Anderson,0.0,5.4,0.0,0.0,0.0,te,,,,,,,,,,,,,,,,,0.0,,,
105,Garrett Dickerson,0.0,3.1,0.0,0.0,0.0,te,,,,,,,,,,,,,,,,,0.0,,,
0,Dak Prescott,,,,0.2,23.0,qb,32.5,23.5,274.2,2.2,0.4,4.6,24.8,0.4,,,,,,,,,23.0,,,
1,Patrick Mahomes,,,,0.1,22.3,qb,36.2,23.5,309.1,2.5,0.5,2.5,8.6,0.1,,,,,,,,,22.3,,,
2,Lamar Jackson,,,,0.4,20.9,qb,31.5,19.9,232.4,1.5,0.6,10.5,56.2,0.3,,,,,,,,,20.9,,,
3,Josh Allen,,,,0.3,19.8,qb,32.0,18.9,237.7,1.5,1.0,7.5,43.5,0.4,,,,,,,,,19.8,,,
4,Deshaun Watson,,,,0.2,19.6,qb,33.1,21.8,263.0,1.7,0.9,5.8,33.5,0.2,,,,,,,,,19.6,,,
5,Tom Brady,,,,0.1,19.1,qb,35.0,23.4,276.5,2.1,0.4,1.2,2.2,0.1,,,,,,,,,19.1,,,
6,Russell Wilson,,,,0.2,19.0,qb,30.9,21.1,251.2,1.9,0.4,4.6,23.1,0.1,,,,,,,,,19.0,,,
7,Jameis Winston,,,,0.2,19.0,qb,35.2,23.1,291.4,1.9,1.1,3.8,17.6,0.1,,,,,,,,,19.0,,,
8,Matt Ryan,,,,0.2,18.8,qb,37.4,26.8,295.9,1.9,0.5,1.8,7.1,0.0,,,,,,,,,18.8,,,
9,Aaron Rodgers,,,,0.2,18.7,qb,34.0,22.4,262.7,1.8,0.3,3.4,16.3,0.1,,,,,,,,,18.7,,,
10,Kyler Murray,,,,0.2,18.0,qb,37.1,22.5,273.8,1.8,1.0,3.5,16.6,0.1,,,,,,,,,18.0,,,
11,Carson Wentz,,,,0.2,18.0,qb,36.5,23.9,274.9,1.9,0.8,3.0,10.9,0.1,,,,,,,,,18.0,,,
12,Philip Rivers,,,,0.1,17.8,qb,35.5,24.0,279.4,2.0,0.6,1.1,2.2,0.0,,,,,,,,,17.8,,,
13,Jared Goff,,,,0.2,16.7,qb,34.7,22.6,273.6,1.6,0.6,2.0,4.7,0.1,,,,,,,,,16.7,,,
14,Kirk Cousins,,,,0.2,16.6,qb,31.7,21.2,246.7,1.8,0.7,2.3,7.6,0.1,,,,,,,,,16.6,,,
15,Baker Mayfield,,,,0.2,16.3,qb,36.0,23.0,278.5,1.7,1.0,2.0,7.2,0.0,,,,,,,,,16.3,,,
16,Matthew Stafford,,,,0.2,16.3,qb,36.2,23.7,269.6,1.5,0.6,1.9,7.6,0.0,,,,,,,,,16.3,,,
17,Jimmy Garoppolo,,,,0.1,15.9,qb,32.3,21.2,258.5,1.7,0.9,2.1,5.1,0.0,,,,,,,,,15.9,,,
18,Jacoby Brissett,,,,0.2,15.7,qb,32.4,20.3,225.5,1.4,0.5,3.3,14.0,0.1,,,,,,,,,15.7,,,
19,Mitch Trubisky,,,,0.2,15.4,qb,33.2,21.5,239.0,1.3,0.9,3.7,20.9,0.1,,,,,,,,,15.4,,,
20,Andy Dalton,,,,0.2,14.4,qb,37.0,22.7,250.8,1.5,0.9,1.9,6.4,0.0,,,,,,,,,14.4,,,
21,Daniel Jones,,,,0.2,13.9,qb,34.7,22.7,242.7,1.3,1.0,2.1,9.0,0.0,,,,,,,,,13.9,,,
22,Mason Rudolph,,,,0.2,13.8,qb,36.7,22.9,266.5,1.3,1.1,1.5,5.2,0.0,,,,,,,,,13.8,,,
23,Kyle Allen,,,,0.2,13.7,qb,35.1,21.2,238.6,1.4,1.1,2.1,8.0,0.0,,,,,,,,,13.7,,,
24,Marcus Mariota,,,,0.2,13.5,qb,28.7,18.2,204.6,1.0,0.7,4.6,25.5,0.1,,,,,,,,,13.5,,,
25,Gardner Minshew,,,,0.2,13.1,qb,31.8,21.2,217.5,1.0,0.8,4.1,17.4,0.1,,,,,,,,,13.1,,,
26,Derek Carr,,,,0.2,12.8,qb,33.6,22.4,234.9,1.1,0.7,1.7,5.7,0.0,,,,,,,,,12.8,,,
27,Case Keenum,,,,0.1,12.2,qb,33.8,21.7,223.9,1.1,0.8,1.8,5.5,0.1,,,,,,,,,12.2,,,
28,Joe Flacco,,,,0.1,12.0,qb,36.5,22.0,243.3,1.0,0.9,1.1,2.6,0.0,,,,,,,,,12.0,,,
29,Teddy Bridgewater,,,,0.2,11.5,qb,31.9,21.0,214.0,1.0,0.9,1.8,7.6,0.0,,,,,,,,,11.5,,,
30,Josh Rosen,,,,0.2,9.2,qb,30.6,17.7,188.6,0.9,1.1,1.7,9.3,0.0,,,,,,,,,9.2,,,
31,Luke Falk,,,,0.2,8.7,qb,31.9,18.3,201.0,0.6,0.9,1.5,4.3,0.0,,,,,,,,,8.7,,,
32,Taysom Hill,,,,0.1,2.5,qb,6.8,4.3,40.0,0.1,0.2,2.1,8.3,0.0,,,,,,,,,2.5,,,
33,Dwayne Haskins,,,,0.0,1.1,qb,3.3,2.1,20.6,0.1,0.1,0.2,0.5,0.0,,,,,,,,,1.1,,,
34,Will Grier,,,,0.1,1.1,qb,6.0,3.4,31.7,0.1,0.2,0.6,1.3,0.0,,,,,,,,,1.1,,,
35,Eli Manning,,,,0.1,1.0,qb,6.8,3.9,39.1,0.1,0.3,0.3,0.5,0.0,,,,,,,,,1.0,,,
36,Ryan Fitzpatrick,,,,0.0,1.0,qb,4.9,2.5,26.8,0.1,0.3,0.6,2.2,0.0,,,,,,,,,1.0,,,
37,Ryan Griffin,,,,0.1,1.0,qb,8.5,4.6,41.6,0.0,0.4,0.9,1.8,0.0,,,,,,,,,1.0,,,
38,Cooper Rush,,,,0.1,1.0,qb,5.1,3.1,28.8,0.1,0.2,0.5,0.8,0.0,,,,,,,,,1.0,,,
39,Josh McCown,,,,0.2,0.9,qb,6.9,3.7,31.1,0.1,0.3,0.9,1.9,0.0,,,,,,,,,0.9,,,
40,Blake Bortles,,,,0.1,0.9,qb,3.2,1.8,16.9,0.1,0.2,0.7,3.6,0.0,,,,,,,,,0.9,,,
41,Robert Griffin,,,,0.1,0.9,qb,4.8,2.6,25.9,0.1,0.3,0.7,2.2,0.0,,,,,,,,,0.9,,,
42,Matt Moore,,,,0.0,0.9,qb,1.4,0.9,11.4,0.1,0.0,0.2,0.2,0.0,,,,,,,,,0.9,,,
43,Jarrett Stidham,,,,0.0,0.8,qb,1.1,0.8,9.6,0.1,0.0,0.1,0.3,0.0,,,,,,,,,0.8,,,
44,Brian Hoyer,,,,0.0,0.8,qb,1.4,1.0,9.7,0.1,0.0,0.3,0.2,0.0,,,,,,,,,0.8,,,
45,Matt Barkley,,,,0.0,0.8,qb,1.2,0.8,9.0,0.1,0.0,0.2,0.3,0.0,,,,,,,,,0.8,,,
46,Geno Smith,,,,0.1,0.8,qb,7.9,4.6,41.9,0.0,0.4,0.6,0.6,0.0,,,,,,,,,0.8,,,
47,C.J. Beathard,,,,0.5,0.7,qb,13.1,7.8,102.6,0.2,1.5,0.0,0.0,0.0,,,,,,,,,0.7,,,
48,Tim Boyle,,,,0.0,0.7,qb,1.1,0.7,7.6,0.1,0.0,0.1,0.2,0.0,,,,,,,,,0.7,,,
49,Mike Glennon,,,,0.1,0.7,qb,5.5,3.0,26.2,0.1,0.2,0.6,0.9,0.0,,,,,,,,,0.7,,,
50,Matt Schaub,,,,0.1,0.7,qb,5.9,3.3,28.3,0.0,0.2,0.6,0.9,0.0,,,,,,,,,0.7,,,
51,Brett Hundley,,,,0.0,0.7,qb,1.5,0.9,9.8,0.1,0.1,0.2,0.8,0.0,,,,,,,,,0.7,,,
52,Nick Mullens,,,,0.0,0.7,qb,3.2,1.8,17.9,0.1,0.2,0.6,1.3,0.0,,,,,,,,,0.7,,,
53,Tyrod Taylor,,,,0.0,0.6,qb,0.6,0.4,4.3,0.0,0.0,0.8,3.2,0.0,,,,,,,,,0.6,,,
54,Ryan Tannehill,,,,0.1,0.6,qb,4.6,2.9,29.4,0.0,0.3,0.5,1.1,0.0,,,,,,,,,0.6,,,
55,Easton Stick,,,,0.1,0.6,qb,6.8,3.7,32.7,0.0,0.4,0.8,1.4,0.0,,,,,,,,,0.6,,,
56,Joshua Dobbs,,,,0.1,0.5,qb,4.4,2.6,22.8,0.0,0.2,0.5,0.7,0.0,,,,,,,,,0.5,,,
57,AJ McCarron,,,,0.0,0.5,qb,1.3,0.9,10.7,0.0,0.0,0.3,0.3,0.0,,,,,,,,,0.5,,,
58,Sean Mannion,,,,0.0,0.4,qb,1.2,0.8,9.4,0.0,0.0,0.3,0.2,0.0,,,,,,,,,0.4,,,
59,Chase Daniel,,,,0.0,0.4,qb,0.7,0.4,4.3,0.1,0.0,0.2,0.2,0.0,,,,,,,,,0.4,,,
60,Ryan Finley,,,,0.0,0.3,qb,1.1,0.7,6.4,0.0,0.0,0.0,0.2,0.0,,,,,,,,,0.3,,,
61,David Fales,,,,0.0,0.2,qb,1.3,0.7,7.0,0.0,0.1,0.2,0.8,0.0,,,,,,,,,0.2,,,
0,CowboysD/ST,,,,,,dst,,,,,,,,,3.1,1.2,0.7,1.4,0.2,0.0,12.4,249.1,12.1,,,
1,PatriotsD/ST,,,,,,dst,,,,,,,,,2.7,1.2,0.6,1.3,0.2,0.1,12.3,285.5,11.6,,,
2,BillsD/ST,,,,,,dst,,,,,,,,,2.8,1.0,0.6,1.0,0.2,0.0,18.0,296.0,8.2,,,
3,VikingsD/ST,,,,,,dst,,,,,,,,,3.1,0.7,0.7,1.1,0.1,0.0,16.7,319.8,7.9,,,
4,TitansD/ST,,,,,,dst,,,,,,,,,3.1,0.7,0.7,1.0,0.1,0.1,17.3,310.9,7.9,,,
5,49ersD/ST,,,,,,dst,,,,,,,,,2.4,1.1,0.5,0.8,0.2,0.0,18.9,335.2,7.6,,,
6,SeahawksD/ST,,,,,,dst,,,,,,,,,2.6,0.9,0.6,1.2,0.2,0.0,19.2,338.4,7.6,,,
7,PackersD/ST,,,,,,dst,,,,,,,,,2.6,0.9,0.6,0.9,0.2,0.0,17.1,333.0,7.5,,,
8,JaguarsD/ST,,,,,,dst,,,,,,,,,3.1,0.7,0.5,0.8,0.1,0.1,18.6,292.7,7.5,,,
9,BearsD/ST,,,,,,dst,,,,,,,,,2.7,0.8,0.5,0.7,0.1,0.0,17.6,287.6,7.4,,,
10,PanthersD/ST,,,,,,dst,,,,,,,,,3.1,1.0,0.6,1.2,0.1,0.0,23.0,330.8,7.3,,,
11,CardinalsD/ST,,,,,,dst,,,,,,,,,2.5,1.1,0.6,1.1,0.2,0.1,21.8,347.3,7.2,,,
12,ChargersD/ST,,,,,,dst,,,,,,,,,3.4,0.8,0.6,0.6,0.1,0.0,20.9,358.4,7.1,,,
13,SaintsD/ST,,,,,,dst,,,,,,,,,3.4,0.6,0.7,1.1,0.1,0.0,22.9,344.0,6.7,,,
14,RamsD/ST,,,,,,dst,,,,,,,,,2.6,1.0,0.6,1.0,0.1,0.0,21.6,376.0,6.7,,,
15,SteelersD/ST,,,,,,dst,,,,,,,,,2.9,0.8,0.7,1.0,0.1,0.0,24.1,377.0,6.7,,,
16,BuccaneersD/ST,,,,,,dst,,,,,,,,,2.5,1.0,0.6,1.1,0.2,0.0,21.4,351.2,6.7,,,
17,GiantsD/ST,,,,,,dst,,,,,,,,,2.3,1.1,0.6,0.8,0.1,0.0,25.6,391.2,6.5,,,
18,EaglesD/ST,,,,,,dst,,,,,,,,,2.6,0.8,0.6,1.0,0.1,0.0,20.3,355.9,6.4,,,
19,LionsD/ST,,,,,,dst,,,,,,,,,2.6,0.8,0.6,0.9,0.1,0.0,23.5,360.3,6.3,,,
20,BengalsD/ST,,,,,,dst,,,,,,,,,2.5,0.9,0.5,0.7,0.1,0.0,23.1,338.7,6.3,,,
21,RedskinsD/ST,,,,,,dst,,,,,,,,,2.3,0.9,0.7,1.2,0.1,0.0,22.0,340.4,6.3,,,
22,ChiefsD/ST,,,,,,dst,,,,,,,,,2.5,0.8,0.6,1.0,0.2,0.0,23.4,391.0,6.2,,,
23,ColtsD/ST,,,,,,dst,,,,,,,,,2.6,0.7,0.7,1.2,0.1,0.0,22.9,379.4,6.2,,,
24,BrownsD/ST,,,,,,dst,,,,,,,,,2.3,0.8,0.6,1.1,0.1,0.1,25.1,382.9,6.0,,,
25,TexansD/ST,,,,,,dst,,,,,,,,,2.5,0.8,0.6,1.0,0.1,0.0,24.2,371.5,6.0,,,
26,BroncosD/ST,,,,,,dst,,,,,,,,,3.0,0.5,0.6,1.0,0.1,0.0,23.4,350.4,6.0,,,
27,FalconsD/ST,,,,,,dst,,,,,,,,,2.4,0.7,0.6,0.8,0.1,0.0,23.6,339.5,5.6,,,
28,RavensD/ST,,,,,,dst,,,,,,,,,2.2,0.7,0.5,0.7,0.1,0.0,26.0,367.7,5.3,,,
29,DolphinsD/ST,,,,,,dst,,,,,,,,,2.4,0.5,0.5,0.6,0.1,0.0,32.2,419.4,5.1,,,
30,RaidersD/ST,,,,,,dst,,,,,,,,,1.8,0.7,0.6,0.9,0.1,0.0,25.3,370.3,5.1,,,
31,JetsD/ST,,,,,,dst,,,,,,,,,1.9,0.6,0.5,0.7,0.1,0.0,30.2,406.9,4.6,,,
0,Christian McCaffrey,5.6,46.6,0.3,0.2,24.4,rb,,,,,,18.7,88.8,0.7,,,,,,,,,24.4,,,
1,Ezekiel Elliott,3.4,29.1,0.1,0.2,22.2,rb,,,,,,21.9,103.4,0.8,,,,,,,,,22.2,,,
2,Saquon Barkley,4.8,37.5,0.2,0.1,21.9,rb,,,,,,17.7,86.2,0.6,,,,,,,,,21.9,,,
3,Austin Ekeler,5.0,43.0,0.3,0.2,20.1,rb,,,,,,12.3,57.5,0.6,,,,,,,,,20.1,,,
4,Dalvin Cook,3.0,26.3,0.1,0.2,19.9,rb,,,,,,19.7,96.1,0.7,,,,,,,,,19.9,,,
5,Chris Carson,3.6,22.9,0.1,0.3,18.7,rb,,,,,,19.7,86.9,0.6,,,,,,,,,18.7,,,
6,Alvin Kamara,4.7,39.9,0.1,0.1,18.6,rb,,,,,,12.7,60.3,0.5,,,,,,,,,18.6,,,
7,David Johnson,3.6,31.1,0.2,0.1,17.9,rb,,,,,,16.3,65.4,0.6,,,,,,,,,17.9,,,
8,Le'Veon Bell,4.9,34.6,0.1,0.2,17.8,rb,,,,,,16.5,68.5,0.4,,,,,,,,,17.8,,,
9,Nick Chubb,2.2,16.6,0.1,0.1,16.6,rb,,,,,,16.4,82.4,0.7,,,,,,,,,16.6,,,
10,Todd Gurley,2.9,23.4,0.1,0.1,16.6,rb,,,,,,16.1,72.1,0.6,,,,,,,,,16.6,,,
11,Leonard Fournette,3.5,24.5,0.1,0.1,16.2,rb,,,,,,18.2,70.4,0.5,,,,,,,,,16.2,,,
12,Aaron Jones,2.1,15.8,0.1,0.1,15.2,rb,,,,,,14.5,71.4,0.7,,,,,,,,,15.2,,,
13,Kerryon Johnson,2.9,21.3,0.1,0.1,14.5,rb,,,,,,13.7,62.7,0.5,,,,,,,,,14.5,,,
14,James Conner,2.8,22.8,0.1,0.1,14.2,rb,,,,,,13.7,56.5,0.6,,,,,,,,,14.2,,,
15,Derrick Henry,1.1,11.6,0.0,0.1,14.1,rb,,,,,,17.8,78.1,0.7,,,,,,,,,14.1,,,
16,Sony Michel,0.7,4.4,0.0,0.1,14.1,rb,,,,,,20.2,85.1,0.8,,,,,,,,,14.1,,,
17,Marlon Mack,1.5,10.4,0.0,0.1,13.3,rb,,,,,,15.4,68.8,0.6,,,,,,,,,13.3,,,
18,Mark Ingram,1.7,14.6,0.0,0.1,12.7,rb,,,,,,13.7,64.2,0.5,,,,,,,,,12.7,,,
19,David Montgomery,1.8,15.1,0.1,0.1,12.7,rb,,,,,,14.6,61.0,0.5,,,,,,,,,12.7,,,
20,Rex Burkhead,4.0,30.9,0.1,0.1,12.5,rb,,,,,,7.9,33.3,0.2,,,,,,,,,12.5,,,
21,Phillip Lindsay,2.8,19.7,0.0,0.1,12.1,rb,,,,,,12.1,56.8,0.2,,,,,,,,,12.1,,,
22,Matt Breida,1.8,15.7,0.1,0.1,12.0,rb,,,,,,12.4,59.3,0.4,,,,,,,,,12.0,,,
23,Frank Gore,1.3,11.3,0.1,0.1,12.0,rb,,,,,,17.0,67.2,0.4,,,,,,,,,12.0,,,
24,Devonta Freeman,2.8,22.2,0.1,0.2,11.8,rb,,,,,,12.5,49.2,0.3,,,,,,,,,11.8,,,
25,Peyton Barber,1.3,8.6,0.0,0.1,11.7,rb,,,,,,15.2,59.9,0.6,,,,,,,,,11.7,,,
26,Chris Thompson,5.3,37.9,0.1,0.1,11.6,rb,,,,,,4.6,18.3,0.1,,,,,,,,,11.6,,,
27,Tarik Cohen,4.8,36.5,0.1,0.2,11.5,rb,,,,,,4.5,18.8,0.1,,,,,,,,,11.5,,,
28,Miles Sanders,2.2,16.8,0.1,0.1,11.3,rb,,,,,,11.5,48.4,0.4,,,,,,,,,11.3,,,
29,Joe Mixon,2.5,17.1,0.0,0.1,11.2,rb,,,,,,12.6,54.0,0.3,,,,,,,,,11.2,,,
30,Josh Jacobs,1.4,12.7,0.0,0.1,11.0,rb,,,,,,15.1,64.4,0.3,,,,,,,,,11.0,,,
31,Royce Freeman,1.8,13.4,0.0,0.1,10.5,rb,,,,,,11.3,48.7,0.4,,,,,,,,,10.5,,,
32,Adrian Peterson,1.4,8.9,0.0,0.1,9.8,rb,,,,,,14.9,51.8,0.4,,,,,,,,,9.8,,,
33,Duke Johnson,2.8,28.0,0.1,0.1,9.8,rb,,,,,,7.0,32.5,0.1,,,,,,,,,9.8,,,
34,LeSean McCoy,2.4,18.5,0.1,0.1,9.7,rb,,,,,,11.8,43.4,0.2,,,,,,,,,9.7,,,
35,Kenyan Drake,2.9,22.5,0.1,0.1,9.4,rb,,,,,,7.4,31.9,0.1,,,,,,,,,9.4,,,
36,Raheem Mostert,1.7,13.5,0.1,0.2,9.2,rb,,,,,,10.0,49.5,0.2,,,,,,,,,9.2,,,
37,Jamaal Williams,2.1,15.2,0.1,0.1,7.8,rb,,,,,,8.8,32.7,0.1,,,,,,,,,7.8,,,
38,Carlos Hyde,0.5,4.4,0.0,0.1,7.5,rb,,,,,,13.3,56.7,0.2,,,,,,,,,7.5,,,
39,Giovani Bernard,2.5,19.5,0.0,0.1,7.4,rb,,,,,,6.4,25.4,0.1,,,,,,,,,7.4,,,
40,Justin Jackson,1.2,11.3,0.0,0.1,7.2,rb,,,,,,8.6,39.8,0.1,,,,,,,,,7.2,,,
41,Ito Smith,1.9,13.2,0.0,0.1,7.1,rb,,,,,,8.5,32.1,0.1,,,,,,,,,7.1,,,
42,Darwin Thompson,1.4,11.9,0.0,0.1,6.9,rb,,,,,,7.9,32.0,0.2,,,,,,,,,6.9,,,
43,Malcolm Brown,1.0,6.6,0.0,0.1,6.5,rb,,,,,,8.7,38.5,0.2,,,,,,,,,6.5,,,
44,Darren Sproles,2.0,17.7,0.1,0.0,6.4,rb,,,,,,4.8,19.8,0.1,,,,,,,,,6.4,,,
45,Nyheim Hines,2.2,16.2,0.0,0.0,6.3,rb,,,,,,4.9,19.1,0.1,,,,,,,,,6.3,,,
46,Tony Pollard,0.8,8.8,0.0,0.1,6.3,rb,,,,,,8.4,36.0,0.2,,,,,,,,,6.3,,,
47,Dion Lewis,2.2,15.6,0.0,0.1,6.3,rb,,,,,,5.3,20.9,0.1,,,,,,,,,6.3,,,
48,Latavius Murray,1.1,9.0,0.0,0.1,6.3,rb,,,,,,8.6,32.9,0.2,,,,,,,,,6.3,,,
49,T.J. Yeldon,1.7,14.1,0.1,0.1,6.3,rb,,,,,,5.8,22.8,0.1,,,,,,,,,6.3,,,
50,Ty Johnson,1.3,9.8,0.0,0.1,5.8,rb,,,,,,6.8,28.2,0.1,,,,,,,,,5.8,,,
51,Jalen Richard,2.5,18.9,0.0,0.1,5.7,rb,,,,,,3.0,13.5,0.0,,,,,,,,,5.7,,,
52,Jordan Howard,0.6,5.6,0.0,0.1,5.5,rb,,,,,,9.2,35.2,0.1,,,,,,,,,5.5,,,
53,Jeff Wilson,0.6,6.8,0.0,0.1,5.4,rb,,,,,,7.6,29.5,0.2,,,,,,,,,5.4,,,
54,C.J. Prosise,1.6,13.3,0.0,0.0,5.4,rb,,,,,,5.2,19.0,0.1,,,,,,,,,5.4,,,
55,Ronald Jones II,0.8,7.7,0.0,0.1,5.4,rb,,,,,,8.0,31.3,0.1,,,,,,,,,5.4,,,
56,Jaylen Samuels,1.5,13.9,0.1,0.0,5.3,rb,,,,,,5.4,20.0,0.0,,,,,,,,,5.3,,,
57,Mike Davis,1.4,9.8,0.0,0.1,5.2,rb,,,,,,6.2,23.7,0.1,,,,,,,,,5.2,,,
58,Jordan Wilkins,0.4,3.4,0.0,0.1,5.2,rb,,,,,,6.0,37.7,0.1,,,,,,,,,5.2,,,
59,Kalen Ballage,1.5,9.4,0.0,0.1,5.2,rb,,,,,,6.1,24.7,0.1,,,,,,,,,5.2,,,
60,Justice Hill,1.0,8.7,0.0,0.1,4.4,rb,,,,,,4.9,21.5,0.1,,,,,,,,,4.4,,,
61,Alexander Mattison,0.3,4.7,0.0,0.1,4.2,rb,,,,,,7.4,29.8,0.1,,,,,,,,,4.2,,,
62,Dare Ogunbowale,1.9,13.1,0.0,0.0,4.2,rb,,,,,,1.9,6.7,0.0,,,,,,,,,4.2,,,
63,Gus Edwards,0.4,1.5,0.0,0.1,4.0,rb,,,,,,7.1,32.3,0.1,,,,,,,,,4.0,,,
64,Damien Harris,1.0,7.5,0.0,0.0,3.9,rb,,,,,,3.9,14.9,0.1,,,,,,,,,3.9,,,
65,Ty Montgomery,1.1,9.9,0.0,0.0,3.8,rb,,,,,,4.2,16.1,0.0,,,,,,,,,3.8,,,
66,D'Ernest Johnson,1.2,11.2,0.0,0.0,3.8,rb,,,,,,3.3,13.1,0.0,,,,,,,,,3.8,,,
67,DeAndre Washington,1.2,8.7,0.0,0.1,3.7,rb,,,,,,4.3,15.8,0.0,,,,,,,,,3.7,,,
68,Dontrell Hilliard,1.1,8.1,0.0,0.0,3.5,rb,,,,,,3.2,12.5,0.1,,,,,,,,,3.5,,,
69,Darrel Williams,0.3,5.2,0.0,0.0,3.4,rb,,,,,,5.6,20.8,0.1,,,,,,,,,3.4,,,
70,Kyle Juszczyk,1.5,13.0,0.1,0.1,3.4,rb,,,,,,0.8,3.1,0.0,,,,,,,,,3.4,,,
71,Wayne Gallman,0.9,6.3,0.0,0.1,3.1,rb,,,,,,3.5,12.9,0.1,,,,,,,,,3.1,,,
72,Chase Edmonds,0.8,5.2,0.0,0.0,2.8,rb,,,,,,3.0,11.6,0.1,,,,,,,,,2.8,,,
73,Ryquell Armstead,0.6,4.5,0.0,0.0,2.5,rb,,,,,,3.1,12.4,0.0,,,,,,,,,2.5,,,
74,Wendell Smallwood,0.7,4.9,0.0,0.0,2.1,rb,,,,,,2.7,8.6,0.0,,,,,,,,,2.1,,,
75,Brian Hill,1.0,4.0,0.0,0.0,2.1,rb,,,,,,1.0,7.0,0.0,,,,,,,,,2.1,,,
76,J.D. McKissic,0.5,5.0,0.0,0.0,2.0,rb,,,,,,2.0,6.6,0.0,,,,,,,,,2.0,,,
77,T.J. Logan,0.8,5.1,0.0,0.0,1.9,rb,,,,,,0.9,3.3,0.0,,,,,,,,,1.9,,,
78,Kerrith Whyte,0.2,2.0,0.0,0.0,1.9,rb,,,,,,1.9,8.6,0.1,,,,,,,,,1.9,,,
79,Patrick DiMarco,0.9,5.5,0.0,0.0,1.7,rb,,,,,,0.9,3.0,0.0,,,,,,,,,1.7,,,
80,Mark Walton,0.5,3.3,0.0,0.0,1.6,rb,,,,,,2.2,7.9,0.0,,,,,,,,,1.6,,,
81,Ameer Abdullah,0.3,2.2,0.0,0.0,1.5,rb,,,,,,2.1,7.2,0.1,,,,,,,,,1.5,,,
82,Devontae Booker,0.4,4.2,0.0,0.0,1.5,rb,,,,,,1.7,6.9,0.0,,,,,,,,,1.5,,,
83,Reggie Bonnafon,0.2,2.1,0.0,0.0,1.4,rb,,,,,,2.2,9.2,0.0,,,,,,,,,1.4,,,
84,CJ Ham,0.7,4.7,0.0,0.0,1.3,rb,,,,,,0.6,1.6,0.0,,,,,,,,,1.3,,,
85,Benny Snell Jr.,0.2,2.4,0.0,0.0,1.3,rb,,,,,,2.1,7.5,0.0,,,,,,,,,1.3,,,
86,Travis Homer,0.2,1.9,0.0,0.0,1.3,rb,,,,,,2.0,7.3,0.0,,,,,,,,,1.3,,,
87,Jamize Olawale,0.6,4.3,0.0,0.0,1.2,rb,,,,,,0.5,2.0,0.0,,,,,,,,,1.2,,,
88,Alex Armah,0.1,1.1,0.0,0.0,1.1,rb,,,,,,1.6,4.4,0.1,,,,,,,,,1.1,,,
89,Brandon Bolden,0.0,1.3,0.0,0.1,1.1,rb,,,,,,1.3,5.9,0.1,,,,,,,,,1.1,,,
90,Jakob Johnson,0.5,3.0,0.0,0.0,1.1,rb,,,,,,0.7,3.0,0.0,,,,,,,,,1.1,,,
91,Derek Watt,0.3,2.5,0.0,0.0,1.1,rb,,,,,,1.2,4.3,0.0,,,,,,,,,1.1,,,
92,Darrell Henderson,0.1,1.9,0.0,0.0,1.0,rb,,,,,,1.7,6.5,0.0,,,,,,,,,1.0,,,
93,Zach Line,0.4,2.0,0.0,0.0,1.0,rb,,,,,,0.8,2.7,0.0,,,,,,,,,1.0,,,
94,Anthony Sherman,0.5,3.5,0.0,0.0,1.0,rb,,,,,,0.5,1.5,0.0,,,,,,,,,1.0,,,
95,Samaje Perine,0.3,2.2,0.0,0.0,0.9,rb,,,,,,1.2,4.3,0.0,,,,,,,,,0.9,,,
96,Mike Boone,0.1,1.1,0.0,0.0,0.9,rb,,,,,,1.5,5.4,0.0,,,,,,,,,0.9,,,
97,Jordan Scarlett,0.1,1.1,0.0,0.0,0.8,rb,,,,,,1.3,5.0,0.0,,,,,,,,,0.8,,,
98,Bilal Powell,0.3,2.2,0.0,0.0,0.7,rb,,,,,,0.6,2.2,0.0,,,,,,,,,0.7,,,
99,Nick Bawden,0.3,1.9,0.0,0.0,0.7,rb,,,,,,0.6,2.2,0.0,,,,,,,,,0.7,,,
100,Patrick Ricard,0.3,1.2,0.0,0.0,0.7,rb,,,,,,0.1,0.3,0.0,,,,,,,,,0.7,,,
101,Elijhaa Penny,0.1,1.4,0.0,0.0,0.6,rb,,,,,,1.1,3.7,0.0,,,,,,,,,0.6,,,
102,Buddy Howell,0.1,1.0,0.0,0.0,0.6,rb,,,,,,0.8,3.8,0.0,,,,,,,,,0.6,,,
103,Tyler Ervin,0.1,2.5,0.0,0.0,0.6,rb,,,,,,0.9,2.7,0.0,,,,,,,,,0.6,,,
104,Dan Vitale,0.3,2.0,0.0,0.0,0.6,rb,,,,,,0.5,1.4,0.0,,,,,,,,,0.6,,,
105,Trenton Cannon,0.2,2.1,0.0,0.0,0.6,rb,,,,,,0.7,2.1,0.0,,,,,,,,,0.6,,,
106,Dwayne Washington,0.1,0.8,0.0,0.0,0.6,rb,,,,,,1.6,4.3,0.0,,,,,,,,,0.6,,,
107,D.J. Foster,0.2,1.4,0.0,0.0,0.6,rb,,,,,,0.7,2.3,0.0,,,,,,,,,0.6,,,
108,Troymaine Pope,0.1,1.3,0.0,0.0,0.5,rb,,,,,,0.8,2.7,0.0,,,,,,,,,0.5,,,
109,Kenjon Barner,0.0,1.2,0.0,0.0,0.5,rb,,,,,,1.3,4.0,0.0,,,,,,,,,0.5,,,
110,Alec Ingold,0.1,0.8,0.0,0.0,0.4,rb,,,,,,0.9,2.9,0.0,,,,,,,,,0.4,,,
111,Taiwan Jones,0.1,0.9,0.0,0.0,0.4,rb,,,,,,0.5,2.4,0.0,,,,,,,,,0.4,,,
112,Shaun Wilson,0.1,0.8,0.0,0.0,0.4,rb,,,,,,0.3,1.2,0.0,,,,,,,,,0.4,,,
113,Keith Smith,0.1,0.8,0.0,0.0,0.3,rb,,,,,,0.6,2.0,0.0,,,,,,,,,0.3,,,
114,Nick Bellore,0.1,0.9,0.0,0.0,0.3,rb,,,,,,0.2,0.8,0.0,,,,,,,,,0.3,,,
115,Patrick Laird,0.1,1.0,0.0,0.0,0.3,rb,,,,,,0.3,1.0,0.0,,,,,,,,,0.3,,,
116,Cullen Gillaspia,0.1,1.0,0.0,0.0,0.3,rb,,,,,,0.3,1.0,0.0,,,,,,,,,0.3,,,
117,Chandler Cox,0.1,1.0,0.0,0.0,0.3,rb,,,,,,0.3,1.0,0.0,,,,,,,,,0.3,,,
118,Damarea Crockett,0.0,1.7,0.0,0.0,0.0,rb,,,,,,1.4,4.1,0.0,,,,,,,,,0.0,,,
119,Trayveon Williams,0.0,1.9,0.0,0.0,0.0,rb,,,,,,1.6,4.5,0.0,,,,,,,,,0.0,,,
0,Keenan Allen,7.7,95.7,0.6,0.1,21.2,wr,,,,,,0.3,2.0,0.0,,,,,,,,,21.2,,,
1,DeAndre Hopkins,7.1,92.9,0.7,0.1,20.6,wr,,,,,,0.0,0.0,0.0,,,,,,,,,20.6,,,
2,Odell Beckham Jr.,6.8,92.6,0.7,0.1,20.3,wr,,,,,,0.2,1.4,0.0,,,,,,,,,20.3,,,
3,Amari Cooper,6.3,85.7,0.8,0.1,19.5,wr,,,,,,0.3,1.9,0.0,,,,,,,,,19.5,,,
4,Julio Jones,6.6,94.4,0.6,0.1,19.5,wr,,,,,,0.1,0.6,0.0,,,,,,,,,19.5,,,
5,Davante Adams,6.6,83.2,0.7,0.1,18.9,wr,,,,,,0.0,0.0,0.0,,,,,,,,,18.9,,,
6,Michael Thomas,7.8,78.7,0.5,0.1,18.6,wr,,,,,,0.0,0.0,0.0,,,,,,,,,18.6,,,
7,Julian Edelman,6.6,79.1,0.6,0.1,18.4,wr,,,,,,0.7,5.5,0.0,,,,,,,,,18.4,,,
8,Sammy Watkins,5.7,82.5,0.7,0.1,18.3,wr,,,,,,0.2,1.2,0.0,,,,,,,,,18.3,,,
9,Chris Godwin,6.1,80.0,0.7,0.1,18.0,wr,,,,,,0.0,0.0,0.0,,,,,,,,,18.0,,,
10,Mike Evans,5.5,86.4,0.6,0.1,17.3,wr,,,,,,0.0,0.0,0.0,,,,,,,,,17.3,,,
11,Adam Thielen,5.4,78.4,0.6,0.1,16.8,wr,,,,,,0.3,1.9,0.0,,,,,,,,,16.8,,,
12,Kenny Golladay,5.7,82.0,0.5,0.1,16.8,wr,,,,,,0.1,0.6,0.0,,,,,,,,,16.8,,,
13,JuJu Smith-Schuster,5.8,79.9,0.5,0.1,16.7,wr,,,,,,0.0,0.5,0.0,,,,,,,,,16.7,,,
14,T.Y. Hilton,5.6,78.2,0.6,0.1,16.6,wr,,,,,,0.0,0.0,0.0,,,,,,,,,16.6,,,
15,Tyler Lockett,5.1,74.9,0.6,0.1,16.3,wr,,,,,,0.5,3.4,0.0,,,,,,,,,16.3,,,
16,Larry Fitzgerald,5.7,72.9,0.6,0.1,16.2,wr,,,,,,0.0,0.3,0.0,,,,,,,,,16.2,,,
17,Tyler Boyd,6.3,71.6,0.5,0.1,16.1,wr,,,,,,0.2,1.3,0.0,,,,,,,,,16.1,,,
18,D.J. Moore,5.9,71.5,0.4,0.2,16.0,wr,,,,,,0.8,8.8,0.0,,,,,,,,,16.0,,,
19,John Brown,4.7,74.8,0.6,0.0,15.6,wr,,,,,,0.2,0.6,0.0,,,,,,,,,15.6,,,
20,Cooper Kupp,5.3,68.6,0.5,0.1,15.5,wr,,,,,,0.4,2.6,0.0,,,,,,,,,15.5,,,
21,Allen Robinson,5.1,73.4,0.5,0.1,15.2,wr,,,,,,0.0,0.3,0.0,,,,,,,,,15.2,,,
22,Calvin Ridley,5.1,64.6,0.6,0.1,15.0,wr,,,,,,0.2,1.2,0.0,,,,,,,,,15.0,,,
23,Emmanuel Sanders,5.5,69.9,0.4,0.0,14.9,wr,,,,,,0.2,1.6,0.0,,,,,,,,,14.9,,,
24,Brandin Cooks,4.5,71.7,0.5,0.0,14.9,wr,,,,,,0.6,3.2,0.0,,,,,,,,,14.9,,,
25,Stefon Diggs,4.7,65.5,0.6,0.0,14.9,wr,,,,,,0.4,2.2,0.0,,,,,,,,,14.9,,,
26,Marquise Brown,4.6,67.0,0.5,0.0,14.6,wr,,,,,,0.4,2.8,0.0,,,,,,,,,14.6,,,
27,Tyrell Williams,5.0,66.1,0.5,0.0,14.4,wr,,,,,,0.1,0.7,0.0,,,,,,,,,14.4,,,
28,Josh Gordon,4.2,66.1,0.6,0.0,14.3,wr,,,,,,0.0,0.0,0.0,,,,,,,,,14.3,,,
29,Nelson Agholor,4.8,63.6,0.5,0.0,14.2,wr,,,,,,0.3,1.8,0.0,,,,,,,,,14.2,,,
30,John Ross,4.7,58.6,0.6,0.0,14.1,wr,,,,,,0.2,1.1,0.0,,,,,,,,,14.1,,,
31,Robert Woods,4.8,67.8,0.3,0.1,13.8,wr,,,,,,1.0,7.0,0.0,,,,,,,,,13.8,,,
32,Christian Kirk,5.0,68.0,0.2,0.0,13.5,wr,,,,,,0.3,2.7,0.0,,,,,,,,,13.5,,,
33,Will Fuller,3.8,62.6,0.4,0.0,12.8,wr,,,,,,0.2,1.1,0.0,,,,,,,,,12.8,,,
34,Marvin Jones,4.2,60.7,0.4,0.0,12.7,wr,,,,,,0.1,0.7,0.0,,,,,,,,,12.7,,,
35,Sterling Shepard,4.9,60.9,0.2,0.0,12.6,wr,,,,,,0.2,1.4,0.0,,,,,,,,,12.6,,,
36,Terry McLaurin,4.4,56.9,0.4,0.1,12.4,wr,,,,,,0.2,0.7,0.0,,,,,,,,,12.4,,,
37,Mike Williams,3.4,54.0,0.5,0.0,11.9,wr,,,,,,0.1,0.7,0.0,,,,,,,,,11.9,,,
38,Jamison Crowder,5.2,58.8,0.1,0.1,11.7,wr,,,,,,0.3,1.5,0.0,,,,,,,,,11.7,,,
39,D.K. Metcalf,3.4,55.1,0.5,0.0,11.6,wr,,,,,,0.0,0.3,0.0,,,,,,,,,11.6,,,
40,Randall Cobb,4.4,48.9,0.3,0.1,11.2,wr,,,,,,0.7,3.7,0.0,,,,,,,,,11.2,,,
41,Courtland Sutton,3.8,61.5,0.2,0.0,10.8,wr,,,,,,0.0,0.0,0.0,,,,,,,,,10.8,,,
42,Phillip Dorsett,3.6,50.5,0.3,0.0,10.8,wr,,,,,,0.2,1.3,0.0,,,,,,,,,10.8,,,
43,Jarvis Landry,4.1,54.2,0.2,0.1,10.7,wr,,,,,,0.3,2.4,0.0,,,,,,,,,10.7,,,
44,D.J. Chark,4.1,55.5,0.2,0.0,10.7,wr,,,,,,0.1,0.8,0.0,,,,,,,,,10.7,,,
45,Curtis Samuel,3.7,50.8,0.2,0.0,10.6,wr,,,,,,0.6,5.5,0.1,,,,,,,,,10.6,,,
46,Marquez Valdes-Scantling,3.6,53.4,0.2,0.0,10.1,wr,,,,,,0.2,1.6,0.0,,,,,,,,,10.1,,,
47,Cole Beasley,4.0,48.5,0.2,0.0,9.9,wr,,,,,,0.1,0.3,0.0,,,,,,,,,9.9,,,
48,Dede Westbrook,4.1,45.9,0.1,0.1,9.8,wr,,,,,,0.6,4.7,0.0,,,,,,,,,9.8,,,
49,Deebo Samuel,3.6,47.0,0.2,0.1,9.7,wr,,,,,,0.7,4.2,0.0,,,,,,,,,9.7,,,
50,Chris Conley,3.9,48.8,0.2,0.1,9.6,wr,,,,,,0.0,0.3,0.0,,,,,,,,,9.6,,,
51,Danny Amendola,4.2,45.6,0.1,0.0,9.5,wr,,,,,,0.1,0.4,0.0,,,,,,,,,9.5,,,
52,Robby Anderson,3.2,53.3,0.1,0.0,9.4,wr,,,,,,0.1,0.7,0.0,,,,,,,,,9.4,,,
53,Mohamed Sanu,3.8,43.8,0.2,0.0,9.2,wr,,,,,,0.3,2.0,0.0,,,,,,,,,9.2,,,
54,Demarcus Robinson,2.9,46.7,0.3,0.0,9.1,wr,,,,,,0.0,0.0,0.0,,,,,,,,,9.1,,,
55,Corey Davis,3.4,46.5,0.1,0.0,9.0,wr,,,,,,0.3,2.0,0.0,,,,,,,,,9.0,,,
56,James Washington,3.3,50.7,0.1,0.0,8.9,wr,,,,,,0.1,0.3,0.0,,,,,,,,,8.9,,,
57,Mecole Hardman,2.7,45.0,0.2,0.0,8.5,wr,,,,,,0.1,0.4,0.0,,,,,,,,,8.5,,,
58,Marquise Goodwin,2.8,44.0,0.2,0.0,8.5,wr,,,,,,0.2,1.1,0.0,,,,,,,,,8.5,,,
59,Geronimo Allison,3.1,43.3,0.2,0.1,8.4,wr,,,,,,0.1,0.5,0.0,,,,,,,,,8.4,,,
60,Trey Quinn,3.7,38.6,0.1,0.0,8.3,wr,,,,,,0.2,1.2,0.0,,,,,,,,,8.3,,,
61,Bennie Fowler,3.6,37.2,0.1,0.0,8.2,wr,,,,,,0.1,1.0,0.0,,,,,,,,,8.2,,,
62,Taylor Gabriel,3.2,38.0,0.1,0.0,8.1,wr,,,,,,0.5,3.9,0.0,,,,,,,,,8.1,,,
63,Devante Parker,3.1,44.1,0.1,0.0,7.9,wr,,,,,,0.0,0.0,0.0,,,,,,,,,7.9,,,
64,Devin Smith,2.8,41.6,0.2,0.0,7.9,wr,,,,,,0.0,0.3,0.0,,,,,,,,,7.9,,,
65,J.J. Arcega-Whiteside,3.1,40.1,0.1,0.0,7.8,wr,,,,,,0.1,0.4,0.0,,,,,,,,,7.8,,,
66,Hunter Renfrow,3.6,37.6,0.1,0.1,7.8,wr,,,,,,0.0,0.2,0.0,,,,,,,,,7.8,,,
67,Ted Ginn,3.0,40.8,0.1,0.0,7.8,wr,,,,,,0.3,1.8,0.0,,,,,,,,,7.8,,,
68,Preston Williams,2.9,37.7,0.1,0.0,7.3,wr,,,,,,0.1,0.4,0.0,,,,,,,,,7.3,,,
69,Paul Richardson,2.9,35.0,0.1,0.0,7.3,wr,,,,,,0.1,0.5,0.0,,,,,,,,,7.3,,,
70,Mack Hollins,2.6,35.1,0.1,0.0,7.0,wr,,,,,,0.1,0.5,0.0,,,,,,,,,7.0,,,
71,Breshad Perriman,2.5,36.6,0.1,0.0,7.0,wr,,,,,,0.2,1.1,0.0,,,,,,,,,7.0,,,
72,Damiere Byrd,2.8,33.3,0.1,0.0,6.8,wr,,,,,,0.0,0.1,0.0,,,,,,,,,6.8,,,
73,Diontae Johnson,2.6,35.8,0.1,0.0,6.7,wr,,,,,,0.0,0.2,0.0,,,,,,,,,6.7,,,
74,Kenny Stills,2.4,33.9,0.1,0.0,6.6,wr,,,,,,0.0,0.0,0.0,,,,,,,,,6.6,,,
75,A.J. Brown,2.5,36.4,0.1,0.0,6.6,wr,,,,,,0.1,1.0,0.0,,,,,,,,,6.6,,,
76,Willie Snead,2.5,32.8,0.1,0.0,6.4,wr,,,,,,0.1,0.4,0.0,,,,,,,,,6.4,,,
77,David Moore,2.1,31.0,0.2,0.0,6.4,wr,,,,,,0.0,0.2,0.0,,,,,,,,,6.4,,,
78,Jakeem Grant,2.6,30.9,0.1,0.0,6.3,wr,,,,,,0.5,2.8,0.0,,,,,,,,,6.3,,,
79,Adam Humphries,2.6,28.8,0.1,0.0,6.0,wr,,,,,,0.3,1.5,0.0,,,,,,,,,6.0,,,
80,Ryan Switzer,2.7,24.9,0.1,0.0,6.0,wr,,,,,,0.3,1.7,0.0,,,,,,,,,6.0,,,
81,Keke Coutee,2.2,28.5,0.1,0.0,5.8,wr,,,,,,0.1,0.2,0.0,,,,,,,,,5.8,,,
82,Zay Jones,1.9,29.0,0.1,0.0,5.7,wr,,,,,,0.1,0.8,0.0,,,,,,,,,5.7,,,
83,Rashard Higgins,2.0,32.8,0.1,0.1,5.7,wr,,,,,,0.0,0.1,0.0,,,,,,,,,5.7,,,
84,Dontrelle Inman,2.1,26.7,0.1,0.0,5.6,wr,,,,,,0.0,0.0,0.0,,,,,,,,,5.6,,,
85,KeeSean Johnson,2.2,30.3,0.1,0.0,5.6,wr,,,,,,0.1,0.4,0.0,,,,,,,,,5.6,,,
86,Jarius Wright,2.2,25.4,0.1,0.0,5.4,wr,,,,,,0.1,0.9,0.0,,,,,,,,,5.4,,,
87,Josh Bellamy,2.2,27.5,0.1,0.0,5.4,wr,,,,,,0.0,0.2,0.0,,,,,,,,,5.4,,,
88,DaeSean Hamilton,2.1,28.4,0.1,0.0,5.3,wr,,,,,,0.0,0.1,0.0,,,,,,,,,5.3,,,
89,Jaron Brown,1.9,25.4,0.1,0.0,5.3,wr,,,,,,0.1,0.3,0.0,,,,,,,,,5.3,,,
90,Travis Benjamin,1.8,27.3,0.1,0.0,5.3,wr,,,,,,0.5,2.4,0.0,,,,,,,,,5.3,,,
91,Richie James,1.9,25.7,0.1,0.0,5.2,wr,,,,,,0.0,0.1,0.0,,,,,,,,,5.2,,,
92,Chad Beebe,1.8,26.9,0.1,0.0,5.1,wr,,,,,,0.0,0.2,0.0,,,,,,,,,5.1,,,
93,Damion Willis,2.1,26.7,0.1,0.0,5.0,wr,,,,,,0.0,0.1,0.0,,,,,,,,,5.0,,,
94,Chester Rogers,1.9,23.1,0.1,0.0,4.8,wr,,,,,,0.0,0.0,0.0,,,,,,,,,4.8,,,
95,Michael Crabtree,1.7,22.9,0.1,0.0,4.7,wr,,,,,,0.0,0.0,0.0,,,,,,,,,4.7,,,
96,Allen Hurns,1.9,23.5,0.1,0.0,4.7,wr,,,,,,0.0,0.3,0.0,,,,,,,,,4.7,,,
97,Parris Campbell,1.7,23.8,0.1,0.0,4.7,wr,,,,,,0.1,0.8,0.0,,,,,,,,,4.7,,,
98,Dante Pettis,1.4,24.0,0.1,0.0,4.5,wr,,,,,,0.1,0.3,0.0,,,,,,,,,4.5,,,
99,Anthony Miller,1.3,19.7,0.2,0.0,4.4,wr,,,,,,0.3,1.7,0.0,,,,,,,,,4.4,,,
100,Miles Boykin,1.5,23.8,0.1,0.0,4.4,wr,,,,,,0.0,0.3,0.0,,,,,,,,,4.4,,,
101,Kendrick Bourne,1.7,20.4,0.1,0.0,4.3,wr,,,,,,0.0,0.0,0.0,,,,,,,,,4.3,,,
102,Damion Ratley,1.6,21.0,0.1,0.0,4.2,wr,,,,,,0.0,0.1,0.0,,,,,,,,,4.2,,,
103,Deon Cain,1.5,23.5,0.1,0.0,4.2,wr,,,,,,0.1,0.4,0.0,,,,,,,,,4.2,,,
104,Cordarrelle Patterson,1.0,13.1,0.1,0.0,3.9,wr,,,,,,1.5,9.9,0.0,,,,,,,,,3.9,,,
105,Justin Hardy,1.6,17.7,0.1,0.0,3.8,wr,,,,,,0.0,0.0,0.0,,,,,,,,,3.8,,,
106,Isaiah McKenzie,1.3,15.6,0.1,0.1,3.8,wr,,,,,,0.5,3.3,0.1,,,,,,,,,3.8,,,
107,Tajae Sharpe,1.4,19.4,0.1,0.0,3.8,wr,,,,,,0.1,0.8,0.0,,,,,,,,,3.8,,,
108,Marqise Lee,1.5,19.2,0.0,0.0,3.7,wr,,,,,,0.1,0.7,0.0,,,,,,,,,3.7,,,
109,Robert Foster,0.9,23.1,0.1,0.0,3.7,wr,,,,,,0.1,0.4,0.0,,,,,,,,,3.7,,,
110,Malik Turner,1.4,19.8,0.0,0.0,3.7,wr,,,,,,0.0,0.1,0.0,,,,,,,,,3.7,,,
111,Josh Reynolds,1.1,20.0,0.1,0.0,3.6,wr,,,,,,0.1,0.7,0.0,,,,,,,,,3.6,,,
112,Taywan Taylor,1.5,16.4,0.1,0.0,3.6,wr,,,,,,0.0,0.1,0.0,,,,,,,,,3.6,,,
113,TJ Jones,1.1,18.3,0.1,0.0,3.5,wr,,,,,,0.0,0.3,0.0,,,,,,,,,3.5,,,
114,J.J. Nelson,1.3,18.1,0.1,0.0,3.4,wr,,,,,,0.1,0.6,0.0,,,,,,,,,3.4,,,
115,Deonte Harris,1.7,14.5,0.0,0.0,3.4,wr,,,,,,0.0,0.1,0.0,,,,,,,,,3.4,,,
116,Russell Shepard,1.2,18.1,0.1,0.0,3.4,wr,,,,,,0.0,0.4,0.0,,,,,,,,,3.4,,,
117,Keelan Doss,1.3,16.5,0.1,0.0,3.4,wr,,,,,,0.1,1.2,0.0,,,,,,,,,3.4,,,
118,Jakobi Meyers,1.1,15.8,0.1,0.0,3.2,wr,,,,,,0.0,0.2,0.0,,,,,,,,,3.2,,,
119,Alex Erickson,1.2,17.9,0.0,0.1,3.2,wr,,,,,,0.2,0.6,0.0,,,,,,,,,3.2,,,
120,Seth Roberts,1.2,16.2,0.0,0.0,3.1,wr,,,,,,0.1,0.5,0.0,,,,,,,,,3.1,,,
121,Austin Carr,1.0,13.0,0.1,0.0,2.6,wr,,,,,,0.0,0.0,0.0,,,,,,,,,2.6,,,
122,Cody Core,1.0,13.2,0.0,0.0,2.5,wr,,,,,,0.0,0.0,0.0,,,,,,,,,2.5,,,
123,Cedrick Wilson,1.0,11.5,0.1,0.0,2.4,wr,,,,,,0.0,0.1,0.0,,,,,,,,,2.4,,,
124,Zach Pascal,0.9,11.3,0.1,0.0,2.4,wr,,,,,,0.1,0.6,0.0,,,,,,,,,2.4,,,
125,De'Anthony Thomas,0.7,10.9,0.1,0.0,2.3,wr,,,,,,0.2,0.7,0.0,,,,,,,,,2.3,,,
126,Auden Tate,0.8,11.0,0.0,0.0,2.2,wr,,,,,,0.0,0.0,0.0,,,,,,,,,2.2,,,
127,Chris Hogan,0.7,14.3,0.0,0.0,2.2,wr,,,,,,0.0,0.1,0.0,,,,,,,,,2.2,,,
128,Russell Gage,0.8,10.9,0.0,0.0,2.1,wr,,,,,,0.1,0.7,0.0,,,,,,,,,2.1,,,
129,Chris Moore,0.8,10.2,0.0,0.0,2.1,wr,,,,,,0.2,0.9,0.0,,,,,,,,,2.1,,,
130,Jake Kumerow,1.0,9.7,0.0,0.0,2.0,wr,,,,,,0.0,0.1,0.0,,,,,,,,,2.0,,,
131,Javon Wims,0.7,9.6,0.0,0.0,1.9,wr,,,,,,0.0,0.0,0.0,,,,,,,,,1.9,,,
132,Keelan Cole,0.8,8.9,0.0,0.0,1.7,wr,,,,,,0.0,0.0,0.0,,,,,,,,,1.7,,,
133,Andre Roberts,0.7,7.0,0.0,0.0,1.6,wr,,,,,,0.1,0.5,0.0,,,,,,,,,1.6,,,
134,Steven Sims,0.5,6.3,0.0,0.0,1.5,wr,,,,,,0.5,2.5,0.0,,,,,,,,,1.5,,,
135,Kelvin Harmon,0.4,8.9,0.0,0.0,1.3,wr,,,,,,0.0,0.0,0.0,,,,,,,,,1.3,,,
136,DeAndre Carter,0.5,5.7,0.0,0.0,1.2,wr,,,,,,0.2,1.4,0.0,,,,,,,,,1.2,,,
137,Braxton Berrios,0.5,6.3,0.0,0.0,1.1,wr,,,,,,0.0,0.0,0.0,,,,,,,,,1.1,,,
138,Darius Jennings,0.4,5.1,0.0,0.0,1.1,wr,,,,,,0.1,0.6,0.0,,,,,,,,,1.1,,,
139,Andy Isabella,0.2,5.5,0.0,0.0,0.7,wr,,,,,,0.0,0.1,0.0,,,,,,,,,0.7,,,
140,John Ursua,0.2,5.0,0.0,0.0,0.7,wr,,,,,,0.0,0.1,0.0,,,,,,,,,0.7,,,
141,Justin Watson,0.1,5.2,0.0,0.0,0.7,wr,,,,,,0.0,0.0,0.0,,,,,,,,,0.7,,,
142,Olabisi Johnson,0.1,5.4,0.0,0.0,0.6,wr,,,,,,0.0,0.1,0.0,,,,,,,,,0.6,,,
143,Allen Lazard,0.3,3.3,0.0,0.0,0.6,wr,,,,,,0.0,0.0,0.0,,,,,,,,,0.6,,,
144,Bobo Wilson,0.3,2.7,0.0,0.0,0.6,wr,,,,,,0.0,0.1,0.0,,,,,,,,,0.6,,,
145,Trent Sherfield,0.2,3.6,0.0,0.0,0.6,wr,,,,,,0.0,0.0,0.0,,,,,,,,,0.6,,,
146,Geremy Davis,0.2,2.5,0.0,0.0,0.5,wr,,,,,,0.0,0.0,0.0,,,,,,,,,0.5,,,
147,Diontae Spencer,0.1,4.1,0.0,0.0,0.5,wr,,,,,,0.0,0.1,0.0,,,,,,,,,0.5,,,
148,Khadarel Hodge,0.2,2.3,0.0,0.0,0.5,wr,,,,,,0.0,0.0,0.0,,,,,,,,,0.5,,,
149,Marvin Hall,0.1,2.9,0.0,0.0,0.4,wr,,,,,,0.0,0.1,0.0,,,,,,,,,0.4,,,
150,Robert Davis,0.2,2.0,0.0,0.0,0.4,wr,,,,,,0.0,0.0,0.0,,,,,,,,,0.4,,,
151,Ray-Ray McCloud,0.2,1.8,0.0,0.0,0.4,wr,,,,,,0.0,0.2,0.0,,,,,,,,,0.4,,,
152,Brandon Zylstra,0.1,1.5,0.0,0.0,0.3,wr,,,,,,0.0,0.0,0.0,,,,,,,,,0.3,,,
153,JoJo Natson,0.1,1.4,0.0,0.0,0.3,wr,,,,,,0.0,0.3,0.0,,,,,,,,,0.3,,,
154,Darrius Shepherd,0.1,1.8,0.0,0.0,0.3,wr,,,,,,0.0,0.0,0.0,,,,,,,,,0.3,,,
155,Riley Ridley,0.1,1.3,0.0,0.0,0.3,wr,,,,,,0.0,0.0,0.0,,,,,,,,,0.3,,,
156,Gunner Olszewski,0.0,2.6,0.0,0.0,0.3,wr,,,,,,0.0,0.0,0.0,,,,,,,,,0.3,,,
157,Byron Pringle,0.1,1.6,0.0,0.0,0.3,wr,,,,,,0.0,0.0,0.0,,,,,,,,,0.3,,,
158,Mike Thomas,0.1,1.0,0.0,0.0,0.2,wr,,,,,,0.0,0.0,0.0,,,,,,,,,0.2,,,
159,Juwann Winfree,0.1,0.9,0.0,0.0,0.2,wr,,,,,,0.0,0.0,0.0,,,,,,,,,0.2,,,
160,Matt Slater,0.0,0.0,0.0,0.0,0.0,wr,,,,,,0.0,0.0,0.0,,,,,,,,,0.0,,,
161,Greg Ward,0.0,6.9,0.0,0.0,0.0,wr,,,,,,0.0,0.1,0.0,,,,,,,,,0.0,,,
162,Ryan Grant,0.0,19.6,0.0,0.0,0.0,wr,,,,,,0.0,0.0,0.0,,,,,,,,,0.0,,,
163,Keith Kirkwood,0.0,7.7,0.0,0.0,0.0,wr,,,,,,0.0,0.0,0.0,,,,,,,,,0.0,,,
164,Shelton Gibson,0.0,1.8,0.0,0.0,0.0,wr,,,,,,0.0,0.0,0.0,,,,,,,,,0.0,,,
165,Darius Slayton,0.0,4.1,0.0,0.0,0.0,wr,,,,,,0.0,0.1,0.0,,,,,,,,,0.0,,,
166,Derrick Willies,0.0,3.4,0.0,0.0,0.0,wr,,,,,,0.0,0.0,0.0,,,,,,,,,0.0,,,
167,Kalif Raymond,0.0,2.8,0.0,0.0,0.0,wr,,,,,,0.0,0.1,0.0,,,,,,,,,0.0,,,
168,Lil'Jordan Humphrey,0.0,9.7,0.0,0.0,0.0,wr,,,,,,0.0,0.2,0.0,,,,,,,,,0.0,,,
169,Marcell Ateman,0.0,3.2,0.0,0.0,0.0,wr,,,,,,0.0,0.0,0.0,,,,,,,,,0.0,,,
170,Trevor Davis,0.0,7.2,0.0,0.0,0.0,wr,,,,,,0.0,0.0,0.0,,,,,,,,,0.0,,,
171,Gary Jennings,0.0,1.0,0.0,0.0,0.0,wr,,,,,,0.0,0.0,0.0,,,,,,,,,0.0,,,
172,River Cracraft,0.0,0.9,0.0,0.0,0.0,wr,,,,,,0.0,0.0,0.0,,,,,,,,,0.0,,,
173,Johnny Holton,0.0,14.1,0.0,0.0,0.0,wr,,,,,,0.0,0.1,0.0,,,,,,,,,0.0,,,
174,Travis Fulgham,0.0,0.0,0.0,0.0,0.0,wr,,,,,,0.0,0.0,0.0,,,,,,,,,0.0,,,
0,Brett Maher,,,,,,k,,,,,,,,,,,,,,,,,9.2,2.0,2.3,3.2
1,Stephen Gostkowski,,,,,,k,,,,,,,,,,,,,,,,,9.2,2.0,2.3,3.2
2,Robbie Gould,,,,,,k,,,,,,,,,,,,,,,,,8.4,2.1,2.3,2.1
3,Greg Zuerlein,,,,,,k,,,,,,,,,,,,,,,,,8.3,2.0,2.3,2.3
4,Dan Bailey,,,,,,k,,,,,,,,,,,,,,,,,8.2,1.9,2.2,2.6
5,Matt Gay,,,,,,k,,,,,,,,,,,,,,,,,8.1,1.9,2.2,2.4
6,Justin Tucker,,,,,,k,,,,,,,,,,,,,,,,,8.0,1.9,2.1,2.4
7,Harrison Butker,,,,,,k,,,,,,,,,,,,,,,,,8.0,1.8,2.0,2.6
8,Ka'imi Fairbairn,,,,,,k,,,,,,,,,,,,,,,,,7.7,1.9,2.1,2.0
9,Jason Myers,,,,,,k,,,,,,,,,,,,,,,,,7.7,1.8,2.1,2.3
10,Zane Gonzalez,,,,,,k,,,,,,,,,,,,,,,,,7.6,1.8,2.2,2.1
11,Matt Prater,,,,,,k,,,,,,,,,,,,,,,,,7.5,1.8,2.0,2.1
12,Mason Crosby,,,,,,k,,,,,,,,,,,,,,,,,7.4,1.7,2.0,2.3
13,Jake Elliott,,,,,,k,,,,,,,,,,,,,,,,,7.3,1.7,1.9,2.3
14,Matt Bryant,,,,,,k,,,,,,,,,,,,,,,,,7.2,1.6,1.8,2.4
15,Steven Hauschka,,,,,,k,,,,,,,,,,,,,,,,,7.2,1.6,2.0,2.3
16,Aldrick Rosas,,,,,,k,,,,,,,,,,,,,,,,,7.2,1.8,2.0,1.8
17,Wil Lutz,,,,,,k,,,,,,,,,,,,,,,,,7.1,1.7,1.9,2.1
18,Austin Seibert,,,,,,k,,,,,,,,,,,,,,,,,6.9,1.6,1.9,2.0
19,Cairo Santos,,,,,,k,,,,,,,,,,,,,,,,,6.8,1.6,1.9,1.8
20,Dustin Hopkins,,,,,,k,,,,,,,,,,,,,,,,,6.8,1.7,1.8,1.8
21,Adam Vinatieri,,,,,,k,,,,,,,,,,,,,,,,,6.8,1.5,1.9,2.3
22,Eddy Pineiro,,,,,,k,,,,,,,,,,,,,,,,,6.8,1.5,1.8,2.3
23,Joey Slye,,,,,,k,,,,,,,,,,,,,,,,,6.7,1.5,1.7,2.2
24,Ty Long,,,,,,k,,,,,,,,,,,,,,,,,6.6,1.6,1.8,1.9
25,Josh Lambo,,,,,,k,,,,,,,,,,,,,,,,,6.1,1.5,1.7,1.7
26,Daniel Carlson,,,,,,k,,,,,,,,,,,,,,,,,5.9,1.4,1.6,1.8
27,Randy Bullock,,,,,,k,,,,,,,,,,,,,,,,,5.8,1.3,1.6,1.8
28,Chris Boswell,,,,,,k,,,,,,,,,,,,,,,,,5.8,1.3,1.5,1.9
29,Brandon McManus,,,,,,k,,,,,,,,,,,,,,,,,5.6,1.3,1.6,1.6
30,Sam Ficken,,,,,,k,,,,,,,,,,,,,,,,,4.5,1.1,1.4,1.2
31,Jason Sanders,,,,,,k,,,,,,,,,,,,,,,,,4.3,1.0,1.2,1.2
32,Andrew Jacas,,,,,,k,,,,,,,,,,,,,,,,,0.0,0.0,0.0,0.0
33,Garrett Rivas,,,,,,k,,,,,,,,,,,,,,,,,0.0,0.0,0.0,0.0
34,Andrew Wellock,,,,,,k,,,,,,,,,,,,,,,,,0.0,0.0,0.0,0.0
35,Carlos Martinez,,,,,,k,,,,,,,,,,,,,,,,,0.0,0.0,0.0,0.0
