index,FF,FG,FGA,FPTS,FR,INT,MISC FL,MISC FPTS,PA,PASSING ATT,PASSING CMP,PASSING INTS,PASSING TDS,PASSING YDS,Player,Position,RECEIVING REC,RECEIVING TDS,RECEIVING YDS,RUSHING ATT,RUSHING TDS,RUSHING YDS,SACK,SAFETY,TD,XPT,YDS AGN
0,,,,,,,2.0,338.2,,581.5,379.9,13.3,36.0,4779.6,Patrick Mahomes,qb,,,,52.4,2.0,219.6,,,,,
1,,,,,,,2.7,320.7,,511.7,338.0,12.0,26.4,4073.5,Deshaun Watson,qb,,,,95.2,4.4,552.2,,,,,
2,,,,,,,2.1,308.6,,590.0,375.0,7.6,29.5,4284.4,Aaron Rodgers,qb,,,,46.2,2.1,260.5,,,,,
3,,,,,,,2.0,302.1,,584.8,394.6,10.6,30.0,4632.4,Matt Ryan,qb,,,,48.2,1.5,132.8,,,,,
4,,,,,,,1.7,300.1,,520.4,339.8,13.8,24.4,3808.7,Cam Newton,qb,,,,112.9,4.4,545.0,,,,,
5,,,,,,,2.4,296.5,,577.0,379.3,13.7,31.9,4329.3,Andrew Luck,qb,,,,49.7,1.2,210.6,,,,,
6,,,,,,,1.6,290.2,,539.0,387.6,8.8,30.4,4342.6,Drew Brees,qb,,,,24.7,1.9,40.1,,,,,
7,,,,,,,2.7,288.0,,564.7,358.8,16.6,27.7,4454.9,Jameis Winston,qb,,,,57.2,1.6,277.0,,,,,
8,,,,,,,5.2,286.7,,436.2,258.9,10.8,17.2,3016.9,Lamar Jackson,qb,,,,177.5,6.4,911.0,,,,,
9,,,,,,,2.2,286.6,,550.3,351.5,11.7,30.5,4372.2,Jared Goff,qb,,,,31.1,1.2,102.9,,,,,
10,,,,,,,2.6,285.6,,569.0,376.6,12.2,30.1,4244.9,Carson Wentz,qb,,,,52.4,1.0,192.0,,,,,
11,,,,,,,2.3,285.5,,522.6,344.9,11.0,23.7,3862.1,Dak Prescott,qb,,,,68.0,5.3,311.4,,,,,
12,,,,,,,2.4,285.4,,562.0,360.9,14.5,30.9,4311.1,Baker Mayfield,qb,,,,47.1,0.9,181.3,,,,,
13,,,,,,,1.8,283.5,,620.3,407.1,15.3,29.2,4645.6,Ben Roethlisberger,qb,,,,23.3,1.2,75.3,,,,,
14,,,,,,,2.1,281.2,,454.7,292.8,9.5,27.8,3571.0,Russell Wilson,qb,,,,73.0,2.0,381.3,,,,,
15,,,,,,,1.5,276.3,,581.0,379.8,10.8,29.0,4370.4,Tom Brady,qb,,,,20.7,1.0,38.6,,,,,
16,,,,,,,2.5,272.6,,513.8,334.6,13.1,25.1,3776.6,Mitch Trubisky,qb,,,,66.2,2.4,377.6,,,,,
17,,,,,,,2.4,271.6,,573.3,394.6,11.9,27.4,4152.0,Kirk Cousins,qb,,,,38.8,1.9,134.3,,,,,
18,,,,,,,1.4,270.2,,546.8,360.7,12.3,29.7,4371.8,Philip Rivers,qb,,,,13.7,0.2,25.4,,,,,
19,,,,,,,3.2,268.4,,544.5,336.1,14.5,21.4,3721.3,Kyler Murray,qb,,,,107.0,3.1,505.3,,,,,
20,,,,,,,2.9,266.0,,478.7,270.4,14.4,17.4,3205.2,Josh Allen,qb,,,,102.5,6.2,653.2,,,,,
21,,,,,,,2.1,251.1,,520.4,334.8,14.2,25.2,4079.8,Jimmy Garoppolo,qb,,,,37.7,1.3,122.3,,,,,
22,,,,,,,2.1,241.0,,570.2,379.6,12.3,23.7,4104.7,Derek Carr,qb,,,,24.5,0.6,68.6,,,,,
23,,,,,,,1.6,239.5,,557.9,367.5,11.4,24.0,3940.1,Matthew Stafford,qb,,,,28.9,0.7,79.0,,,,,
24,,,,,,,1.7,231.2,,536.6,333.1,13.7,24.2,3704.5,Andy Dalton,qb,,,,32.9,0.9,120.2,,,,,
25,,,,,,,2.3,229.0,,530.7,320.5,15.8,22.7,3655.9,Sam Darnold,qb,,,,48.0,1.6,187.9,,,,,
26,,,,,,,2.4,225.3,,445.9,293.4,12.6,18.3,3263.8,Marcus Mariota,qb,,,,70.2,2.6,358.2,,,,,
27,,,,,,,2.0,220.2,,532.2,338.8,13.4,21.6,3782.2,Nick Foles,qb,,,,33.1,0.9,76.3,,,,,
28,,,,,,,2.2,193.0,,485.7,306.7,10.6,18.7,3321.4,Eli Manning,qb,,,,20.1,1.0,49.8,,,,,
29,,,,,,,1.3,188.2,,470.0,289.1,11.8,17.8,3212.1,Joe Flacco,qb,,,,24.1,0.9,92.0,,,,,
30,,,,,,,1.0,164.8,,302.4,189.3,11.2,15.2,2544.0,Ryan Fitzpatrick,qb,,,,29.3,1.4,185.2,,,,,
31,,,,,,,1.4,130.2,,348.0,213.3,10.3,12.5,2384.3,Dwayne Haskins,qb,,,,15.7,0.5,56.2,,,,,
32,,,,,,,0.6,73.5,,151.4,91.7,5.4,6.8,1240.2,Case Keenum,qb,,,,11.7,0.5,55.1,,,,,
33,,,,,,,1.5,71.0,,217.9,133.0,6.1,6.5,1299.3,Josh Rosen,qb,,,,14.7,0.3,61.0,,,,,
34,,,,,,,0.7,46.9,,101.8,63.2,3.5,4.4,813.6,Daniel Jones,qb,,,,6.3,0.3,35.7,,,,,
35,,,,,,,0.4,45.4,,111.3,68.6,3.2,4.1,772.3,Drew Lock,qb,,,,8.8,0.3,37.4,,,,,
36,,,,,,,0.0,26.4,,69.5,41.0,2.0,2.5,478.0,C.J. Beathard,qb,,,,4.0,0.0,13.0,,,,,
37,,,,,,,0.5,25.7,,9.5,5.9,0.5,0.5,120.0,Taysom Hill,qb,,,,35.1,1.1,142.6,,,,,
38,,,,,,,0.7,21.1,,55.6,34.7,1.7,2.0,396.0,Colt McCoy,qb,,,,4.4,0.1,14.9,,,,,
39,,,,,,,0.3,20.5,,43.8,27.0,1.0,2.2,306.7,Jacoby Brissett,qb,,,,4.2,0.1,16.2,,,,,
40,,,,,,,0.2,16.1,,34.0,19.9,1.0,1.4,262.6,Jeff Driskel,qb,,,,4.1,0.1,16.7,,,,,
41,,,,,,,0.1,15.8,,35.2,21.8,1.5,1.5,279.5,Ryan Tannehill,qb,,,,4.0,0.1,14.6,,,,,
42,,,,,,,0.1,14.4,,33.4,20.2,1.0,1.5,234.6,Blaine Gabbert,qb,,,,2.0,0.1,9.3,,,,,
43,,,,,,,0.1,14.0,,30.6,18.2,1.0,1.7,212.8,Nate Sudfeld,qb,,,,2.4,0.0,10.1,,,,,
44,,,,,,,0.1,13.7,,37.6,22.0,1.6,1.3,268.3,Gardner Minshew,qb,,,,2.0,0.1,6.3,,,,,
45,,,,,,,0.1,13.6,,33.4,21.4,1.0,1.2,252.6,Will Grier,qb,,,,1.8,0.1,3.8,,,,,
46,,,,,,,0.1,12.1,,31.4,19.8,1.0,1.2,231.2,Nick Mullens,qb,,,,2.2,0.0,2.2,,,,,
47,,,,,,,0.1,11.8,,27.0,16.7,0.8,1.2,194.9,Chase Daniel,qb,,,,2.7,0.0,7.2,,,,,
48,,,,,,,0.1,11.8,,0.0,0.0,1.6,0.8,266.1,John Lovett,qb,,,,0.0,0.2,0.6,,,,,
49,,,,,,,0.1,11.5,,20.3,12.3,0.6,0.9,178.1,Blake Bortles,qb,,,,3.4,0.1,14.0,,,,,
50,,,,,,,0.2,11.5,,24.5,15.1,0.8,1.0,186.6,Robert Griffin,qb,,,,3.3,0.1,11.9,,,,,
51,,,,,,,0.0,10.4,,28.0,18.3,0.9,0.8,187.6,Taylor Heinicke,qb,,,,2.4,0.1,10.5,,,,,
52,,,,,,,0.1,10.2,,26.9,16.0,0.7,0.9,178.1,Brett Hundley,qb,,,,2.0,0.1,9.3,,,,,
53,,,,,,,0.1,10.0,,19.4,12.2,0.6,0.9,158.3,Paxton Lynch,qb,,,,2.9,0.1,10.0,,,,,
54,,,,,,,0.0,9.8,,21.6,13.3,0.5,1.0,160.3,Teddy Bridgewater,qb,,,,2.8,0.0,5.3,,,,,
55,,,,,,,0.0,9.7,,26.0,15.6,1.0,0.9,182.3,Trevor Siemian,qb,,,,2.1,0.1,6.9,,,,,
56,,,,,,,0.1,9.5,,24.7,15.1,1.0,0.9,185.4,Matt Barkley,qb,,,,2.5,0.0,3.8,,,,,
57,,,,,,,0.0,8.3,,17.6,10.8,0.6,0.7,128.4,Tyrod Taylor,qb,,,,2.6,0.1,10.2,,,,,
58,,,,,,,0.1,8.2,,19.5,11.8,0.4,0.9,128.2,Ryan Finley,qb,,,,0.8,0.0,2.6,,,,,
59,,,,,,,0.0,8.2,,21.3,13.1,0.7,0.8,130.2,Joshua Dobbs,qb,,,,2.3,0.0,9.7,,,,,
60,,,,,,,0.0,8.0,,20.0,12.3,0.3,0.6,131.0,Cooper Rush,qb,,,,1.6,0.0,7.7,,,,,
61,,,,,,,0.1,7.5,,18.1,11.0,0.7,0.6,138.0,Brian Hoyer,qb,,,,2.6,0.1,4.3,,,,,
62,,,,,,,0.0,7.3,,16.6,10.5,0.2,0.6,126.4,Chad Henne,qb,,,,1.9,0.0,2.9,,,,,
63,,,,,,,0.0,7.2,,18.0,10.7,0.8,0.6,140.7,Drew Stanton,qb,,,,1.8,0.0,6.5,,,,,
64,,,,,,,0.0,6.9,,18.4,10.9,0.5,0.5,118.0,DeShone Kizer,qb,,,,1.9,0.1,10.0,,,,,
65,,,,,,,0.5,6.5,,19.2,12.3,0.5,0.7,142.0,Mike Glennon,qb,,,,1.6,0.0,1.6,,,,,
66,,,,,,,0.1,6.3,,15.2,9.6,0.4,0.7,110.2,AJ McCarron,qb,,,,1.7,0.0,2.8,,,,,
67,,,,,,,0.1,5.8,,16.0,10.1,0.3,0.5,101.5,Matt Schaub,qb,,,,1.2,0.0,3.1,,,,,
68,,,,,,,0.1,5.2,,13.6,8.3,0.1,0.3,92.5,Sean Mannion,qb,,,,2.3,0.1,4.6,,,,,
69,,,,,,,0.3,4.2,,7.4,4.2,0.3,0.2,43.4,Josh Johnson,qb,,,,1.2,0.2,17.3,,,,,
70,,,,,,,0.6,3.3,,11.6,7.2,0.4,0.5,76.9,Tom Savage,qb,,,,1.4,0.0,1.8,,,,,
71,,,,,,,0.1,1.1,,2.4,1.5,0.0,0.1,16.3,Cody Kessler,qb,,,,0.2,0.0,0.9,,,,,
72,,,,,,,0.0,0.0,,0.0,0.0,0.0,0.0,0.0,Tyler Bray,qb,,,,0.0,0.0,0.0,,,,,
73,,,,,,,0.0,0.0,,0.0,0.0,0.0,0.0,0.0,Cardale Jones,qb,,,,0.0,0.0,0.0,,,,,
74,,,,,,,0.0,0.0,,0.0,0.0,0.0,0.0,0.0,Jake Rudock,qb,,,,0.0,0.0,0.0,,,,,
75,,,,,,,0.0,0.0,,0.0,0.0,0.0,0.0,0.0,Kevin Hogan,qb,,,,0.0,0.0,0.0,,,,,
76,,,,,,,0.0,0.0,,0.0,0.0,0.0,0.0,0.0,Chad Kelly,qb,,,,0.0,0.0,0.0,,,,,
77,,,,,,,0.0,0.0,,0.0,0.0,0.0,0.0,0.0,Geno Smith,qb,,,,0.0,0.0,0.0,,,,,
78,,,,,,,0.0,0.0,,0.0,0.0,0.0,0.0,0.0,Kyle Lauletta,qb,,,,0.0,0.0,0.0,,,,,
79,,,,,,,0.0,0.0,,0.0,0.0,0.0,0.0,0.0,Joe Webb,qb,,,,0.0,0.0,0.0,,,,,
80,,,,,,,0.0,0.0,,0.0,0.0,0.0,0.0,0.0,Alex Tanney,qb,,,,0.0,0.0,0.0,,,,,
81,,,,,,,0.0,0.0,,0.0,0.0,0.0,0.0,0.0,Nathan Peterman,qb,,,,0.0,0.0,0.0,,,,,
82,,,,,,,0.0,0.0,,0.0,0.0,0.0,0.0,0.0,Garrett Gilbert,qb,,,,0.0,0.0,0.0,,,,,
83,,,,,,,0.0,0.0,,0.0,0.0,0.0,0.0,0.0,Kyle Allen,qb,,,,0.0,0.0,0.0,,,,,
84,,,,,,,0.0,0.0,,0.0,0.0,0.0,0.0,0.0,Jarrett Stidham,qb,,,,0.0,0.0,0.0,,,,,
85,,,,,,,0.0,0.0,,0.0,0.0,0.0,0.0,0.0,Nick Fitzgerald,qb,,,,0.0,0.0,0.0,,,,,
86,,,,,,,0.0,0.0,,0.0,0.0,0.0,0.0,0.0,Brett Rypien,qb,,,,0.0,0.0,0.0,,,,,
87,,,,,,,0.0,0.0,,0.0,0.0,0.0,0.0,0.0,Tyree Jackson,qb,,,,0.0,0.0,0.0,,,,,
88,,,,,,,0.0,0.0,,0.0,0.0,0.0,0.0,0.0,Easton Stick,qb,,,,0.0,0.0,0.0,,,,,
89,,,,,,,0.0,0.0,,0.0,0.0,0.0,0.0,0.0,Trace McSorley,qb,,,,5.4,0.2,27.2,,,,,
90,,,,,,,0.0,0.0,,0.0,0.0,0.0,0.0,0.0,David Fales,qb,,,,0.0,0.0,0.0,,,,,
91,,,,,,,0.0,0.0,,0.0,0.0,0.0,0.0,0.0,Davis Webb,qb,,,,0.0,0.0,0.0,,,,,
92,,,,,,,0.0,0.0,,0.0,0.0,0.0,0.0,0.0,Mike White,qb,,,,0.0,0.0,0.0,,,,,
93,,,,,,,0.0,0.0,,0.0,0.0,0.0,0.0,0.0,Clayton Thorson,qb,,,,0.0,0.0,0.0,,,,,
94,,,,,,,0.0,0.0,,0.0,0.0,0.0,0.0,0.0,Alex McGough,qb,,,,0.0,0.0,0.0,,,,,
95,,,,,,,0.0,0.0,,0.0,0.0,0.0,0.0,0.0,Logan Woodside,qb,,,,0.0,0.0,0.0,,,,,
96,,,,,,,0.0,0.0,,0.0,0.0,0.0,0.0,0.0,Luke Falk,qb,,,,0.0,0.0,0.0,,,,,
97,,,,,,,0.0,0.0,,0.0,0.0,0.0,0.0,0.0,Tim Boyle,qb,,,,0.0,0.0,0.0,,,,,
98,,,,,,,0.0,0.0,,0.0,0.0,0.0,0.0,0.0,Joe Callahan,qb,,,,0.0,0.0,0.0,,,,,
99,,,,,,,0.0,0.0,,0.0,0.0,0.0,0.0,0.0,Danny Etling,qb,,,,0.0,0.0,0.0,,,,,
100,,,,,,,0.0,0.0,,0.0,0.0,0.0,0.0,0.0,Kyle Sloter,qb,,,,0.0,0.0,0.0,,,,,
101,,,,,,,0.0,0.0,,0.0,0.0,0.0,0.0,0.0,Brandon Allen,qb,,,,0.0,0.0,0.0,,,,,
102,,,,,,,0.0,0.0,,0.0,0.0,0.0,0.0,0.0,Tanner Lee,qb,,,,0.0,0.0,0.0,,,,,
103,,,,,,,0.0,0.0,,0.0,0.0,0.0,0.0,0.0,Ryan Griffin,qb,,,,0.0,0.0,0.0,,,,,
104,,,,,,,0.0,0.0,,0.0,0.0,0.0,0.0,0.0,Mason Rudolph,qb,,,,0.0,0.0,0.0,,,,,
0,,,,,,,1.6,357.5,,,,,,,Saquon Barkley,rb,87.0,3.4,696.1,269.0,9.7,1257.8,,,,,
1,,,,,,,1.7,349.7,,,,,,,Christian McCaffrey,rb,96.7,5.0,819.9,212.8,6.7,1041.5,,,,,
2,,,,,,,1.4,333.0,,,,,,,Alvin Kamara,rb,86.4,4.6,754.9,194.6,9.4,895.2,,,,,
3,,,,,,,1.9,308.3,,,,,,,Ezekiel Elliott,rb,65.7,2.6,505.2,288.6,8.8,1278.8,,,,,
4,,,,,,,2.5,276.3,,,,,,,David Johnson,rb,60.8,3.1,576.1,247.9,7.4,995.1,,,,,
5,,,,,,,1.7,270.4,,,,,,,Le'Veon Bell,rb,60.4,2.5,498.8,246.8,7.3,1046.9,,,,,
6,,,,,,,1.9,266.8,,,,,,,James Conner,rb,54.3,1.6,443.7,231.2,9.6,1047.2,,,,,
7,,,,,,,2.7,259.9,,,,,,,Dalvin Cook,rb,58.6,2.2,448.0,237.9,6.6,1094.3,,,,,
8,,,,,,,1.5,252.0,,,,,,,Joe Mixon,rb,47.0,1.2,346.2,248.0,8.5,1150.9,,,,,
9,,,,,,,1.7,251.6,,,,,,,Todd Gurley,rb,43.8,2.5,402.9,211.0,9.5,986.9,,,,,
10,,,,,,,1.1,241.8,,,,,,,Melvin Gordon,rb,47.5,2.6,427.8,193.2,8.1,894.3,,,,,
11,,,,,,,1.9,241.3,,,,,,,Kerryon Johnson,rb,52.9,2.0,380.8,217.6,6.4,1033.5,,,,,
12,,,,,,,1.2,236.9,,,,,,,Nick Chubb,rb,32.2,1.5,246.8,248.7,9.2,1183.7,,,,,
13,,,,,,,1.4,236.5,,,,,,,Damien Williams,rb,51.6,3.9,414.6,166.9,7.3,792.7,,,,,
14,,,,,,,1.3,227.5,,,,,,,Leonard Fournette,rb,43.9,1.5,366.4,249.2,7.6,949.1,,,,,
15,,,,,,,1.3,219.4,,,,,,,Devonta Freeman,rb,45.1,1.9,350.3,206.5,7.0,884.6,,,,,
16,,,,,,,1.3,214.0,,,,,,,Aaron Jones,rb,37.1,1.4,283.8,184.5,8.2,939.3,,,,,
17,,,,,,,2.1,212.8,,,,,,,Chris Carson,rb,27.6,0.9,218.1,241.2,8.3,1125.0,,,,,
18,,,,,,,1.5,211.9,,,,,,,Josh Jacobs,rb,41.0,1.5,342.0,211.2,6.4,920.8,,,,,
19,,,,,,,1.3,207.6,,,,,,,Marlon Mack,rb,28.0,1.0,201.0,232.9,8.3,1060.5,,,,,
20,,,,,,,1.0,205.8,,,,,,,Derrick Henry,rb,16.5,0.3,124.1,249.1,10.0,1172.4,,,,,
21,,,,,,,0.5,205.8,,,,,,,James White,rb,73.2,4.1,635.5,71.5,2.6,300.1,,,,,
22,,,,,,,1.6,198.4,,,,,,,Kenyan Drake,rb,53.0,2.7,437.9,140.6,4.0,643.0,,,,,
23,,,,,,,1.7,192.6,,,,,,,David Montgomery,rb,34.1,1.4,282.7,199.1,6.3,870.0,,,,,
24,,,,,,,0.8,189.3,,,,,,,Phillip Lindsay,rb,34.5,1.0,252.8,177.9,6.3,876.5,,,,,
25,,,,,,,2.0,189.1,,,,,,,Mark Ingram,rb,31.5,0.9,242.0,220.2,6.6,921.4,,,,,
26,,,,,,,0.9,181.0,,,,,,,Lamar Miller,rb,30.6,1.1,231.2,213.1,5.0,924.4,,,,,
27,,,,,,,1.6,178.5,,,,,,,Sony Michel,rb,9.6,0.3,74.6,237.5,9.2,1077.9,,,,,
28,,,,,,,1.6,175.9,,,,,,,Tarik Cohen,rb,59.8,2.9,558.6,79.3,2.1,330.1,,,,,
29,,,,,,,0.9,164.3,,,,,,,Tevin Coleman,rb,26.9,1.5,238.7,170.0,4.9,771.4,,,,,
30,,,,,,,1.1,154.6,,,,,,,Austin Ekeler,rb,39.3,2.2,368.9,106.2,3.0,494.3,,,,,
31,,,,,,,1.6,154.0,,,,,,,Derrius Guice,rb,26.3,0.8,221.2,169.0,5.2,724.0,,,,,
32,,,,,,,1.4,148.2,,,,,,,Miles Sanders,rb,32.4,1.4,259.5,151.0,4.3,586.2,,,,,
33,,,,,,,1.3,137.7,,,,,,,Peyton Barber,rb,21.4,0.7,142.7,182.5,4.5,737.6,,,,,
34,,,,,,,1.0,137.4,,,,,,,LeSean McCoy,rb,29.1,0.7,227.4,157.8,3.6,617.0,,,,,
35,,,,,,,0.6,135.5,,,,,,,Duke Johnson,rb,41.6,1.8,379.5,81.5,2.0,345.4,,,,,
36,,,,,,,0.9,132.9,,,,,,,Dion Lewis,rb,43.0,0.9,306.7,110.3,2.3,420.2,,,,,
37,,,,,,,1.9,126.9,,,,,,,Jalen Richard,rb,50.1,1.1,422.9,53.6,1.2,243.8,,,,,
38,,,,,,,1.0,125.9,,,,,,,Rashaad Penny,rb,18.2,0.7,139.0,148.9,3.9,678.1,,,,,
39,,,,,,,1.1,124.1,,,,,,,Jordan Howard,rb,16.2,0.2,109.7,160.6,5.3,660.4,,,,,
40,,,,,,,0.6,124.0,,,,,,,Nyheim Hines,rb,44.0,1.8,325.7,73.8,1.5,286.8,,,,,
41,,,,,,,1.3,123.0,,,,,,,Darrell Henderson,rb,24.4,0.9,205.8,121.2,3.6,537.6,,,,,
42,,,,,,,0.8,122.9,,,,,,,Latavius Murray,rb,16.4,0.2,105.1,159.4,6.0,607.8,,,,,
43,,,,,,,0.7,120.6,,,,,,,Matt Breida,rb,25.2,1.1,221.2,113.0,3.1,498.2,,,,,
44,,,,,,,0.6,120.3,,,,,,,Chris Thompson,rb,46.3,1.8,357.9,55.6,0.9,232.3,,,,,
45,,,,,,,0.6,116.5,,,,,,,Jaylen Samuels,rb,33.3,2.1,271.0,77.1,1.9,334.1,,,,,
46,,,,,,,1.2,115.2,,,,,,,Royce Freeman,rb,15.7,0.3,109.7,165.8,4.4,628.8,,,,,
47,,,,,,,2.6,110.0,,,,,,,Kalen Ballage,rb,20.4,0.3,150.4,131.8,3.4,573.5,,,,,
48,,,,,,,0.8,103.1,,,,,,,Jamaal Williams,rb,23.7,0.6,186.6,106.6,2.8,423.4,,,,,
49,,,,,,,0.6,102.9,,,,,,,Ito Smith,rb,25.4,0.6,179.8,93.0,3.0,385.4,,,,,
50,,,,,,,0.4,101.5,,,,,,,Giovani Bernard,rb,33.8,0.6,245.0,75.4,1.9,288.5,,,,,
51,,,,,,,1.3,101.1,,,,,,,Adrian Peterson,rb,14.9,0.4,118.1,128.4,3.6,531.6,,,,,
52,,,,,,,1.0,100.6,,,,,,,Ronald Jones II,rb,17.7,0.4,121.5,134.0,3.8,477.3,,,,,
53,,,,,,,0.9,93.8,,,,,,,C.J. Anderson,rb,13.7,0.4,99.9,110.8,3.4,491.4,,,,,
54,,,,,,,0.6,91.8,,,,,,,Jerick McKinnon,rb,23.7,0.9,197.9,70.3,2.1,319.0,,,,,
55,,,,,,,0.7,90.0,,,,,,,Carlos Hyde,rb,15.0,0.3,99.1,113.6,3.7,428.6,,,,,
56,,,,,,,0.5,89.9,,,,,,,Kareem Hunt,rb,17.8,1.0,162.6,79.5,2.8,341.7,,,,,
57,,,,,,,0.9,83.0,,,,,,,Damien Harris,rb,15.3,0.6,131.5,94.2,3.0,350.4,,,,,
58,,,,,,,0.9,77.9,,,,,,,Devin Singletary,rb,16.5,0.5,143.2,91.2,1.9,346.2,,,,,
59,,,,,,,0.9,76.4,,,,,,,Alexander Mattison,rb,15.4,0.6,114.5,87.7,2.3,339.5,,,,,
60,,,,,,,0.9,72.4,,,,,,,Justice Hill,rb,15.8,0.5,124.0,75.1,2.1,303.7,,,,,
61,,,,,,,0.6,71.3,,,,,,,Frank Gore,rb,11.8,0.4,103.8,92.7,1.7,374.3,,,,,
62,,,,,,,0.5,70.7,,,,,,,Mike Davis,rb,16.7,0.3,117.6,65.5,2.2,280.0,,,,,
63,,,,,,,0.8,70.5,,,,,,,Justin Jackson,rb,13.1,0.3,110.8,81.4,2.3,320.0,,,,,
64,,,,,,,1.0,70.0,,,,,,,Rodney Anderson,rb,15.0,1.0,134.0,55.0,2.0,256.0,,,,,
65,,,,,,,0.8,69.0,,,,,,,Alfred Blue,rb,15.9,0.3,124.1,82.6,1.6,308.4,,,,,
66,,,,,,,1.1,67.3,,,,,,,Darwin Thompson,rb,17.6,1.0,164.2,44.8,1.7,194.2,,,,,
67,,,,,,,0.4,67.1,,,,,,,Gus Edwards,rb,2.5,0.1,21.1,93.9,3.0,449.5,,,,,
68,,,,,,,0.1,62.3,,,,,,,Theo Riddick,rb,25.3,0.6,182.8,22.6,0.6,119.6,,,,,
69,,,,,,,0.8,60.6,,,,,,,Tony Pollard,rb,14.5,0.4,120.7,64.4,1.6,232.4,,,,,
70,,,,,,,0.6,60.5,,,,,,,Andre Ellington,rb,23.3,0.3,197.1,28.4,1.1,108.5,,,,,
71,,,,,,,0.7,56.6,,,,,,,Rex Burkhead,rb,15.4,0.7,128.3,41.9,1.6,158.6,,,,,
72,,,,,,,0.8,56.2,,,,,,,Elijah McGuire,rb,15.8,0.8,142.7,42.0,1.1,162.2,,,,,
73,,,,,,,0.5,55.7,,,,,,,Chase Edmonds,rb,12.9,0.2,100.0,53.1,1.6,232.6,,,,,
74,,,,,,,0.8,55.6,,,,,,,Ty Montgomery,rb,16.7,0.6,137.2,49.7,1.2,162.1,,,,,
75,,,,,,,0.0,55.5,,,,,,,Jacquizz Rodgers,rb,19.6,0.8,167.6,23.2,0.6,104.8,,,,,
76,,,,,,,0.2,55.5,,,,,,,T.J. Yeldon,rb,17.3,0.5,146.4,41.3,0.8,159.0,,,,,
77,,,,,,,0.4,54.9,,,,,,,Corey Clement,rb,14.1,0.3,112.1,45.6,1.6,186.9,,,,,
78,,,,,,,0.5,54.5,,,,,,,Dontrell Hilliard,rb,17.5,0.5,162.3,37.9,0.9,136.2,,,,,
79,,,,,,,0.5,51.5,,,,,,,Bilal Powell,rb,10.2,0.4,84.6,58.6,1.1,247.0,,,,,
80,,,,,,,0.8,51.2,,,,,,,Doug Martin,rb,7.2,0.1,51.0,66.6,1.8,286.7,,,,,
81,,,,,,,0.8,50.5,,,,,,,Kyle Juszczyk,rb,22.3,0.8,203.8,7.2,0.3,26.6,,,,,
82,,,,,,,0.2,50.3,,,,,,,Zach Zenner,rb,10.2,0.2,78.7,36.4,1.7,210.1,,,,,
83,,,,,,,0.9,47.0,,,,,,,Wayne Gallman,rb,11.3,0.1,80.2,53.5,1.3,209.9,,,,,
84,,,,,,,0.3,45.8,,,,,,,Wendell Smallwood,rb,11.7,0.4,97.9,13.5,1.0,160.8,,,,,
85,,,,,,,0.4,44.2,,,,,,,J.D. McKissic,rb,13.5,1.0,107.7,28.3,0.6,108.3,,,,,
86,,,,,,,0.3,44.1,,,,,,,Ryquell Armstead,rb,9.8,0.3,80.4,45.1,1.2,177.9,,,,,
87,,,,,,,0.2,41.6,,,,,,,Myles Gaskin,rb,11.5,0.4,90.1,29.4,0.8,141.7,,,,,
88,,,,,,,0.3,41.6,,,,,,,Malcolm Brown,rb,7.5,0.2,50.5,48.4,1.5,198.9,,,,,
89,,,,,,,0.4,40.0,,,,,,,Cameron Artis-Payne,rb,5.3,0.1,41.3,45.4,1.7,203.9,,,,,
90,,,,,,,0.2,39.0,,,,,,,Reggie Bonnafon,rb,10.3,0.4,79.4,0.0,0.9,132.1,,,,,
91,,,,,,,0.0,38.5,,,,,,,C.J. Prosise,rb,16.0,0.8,116.7,16.7,0.0,58.6,,,,,
92,,,,,,,0.4,38.1,,,,,,,Darren Sproles,rb,13.4,0.5,113.4,25.6,0.4,88.9,,,,,
93,,,,,,,0.5,38.1,,,,,,,Brian Hill,rb,6.9,0.2,45.9,37.6,1.3,187.9,,,,,
94,,,,,,,0.3,37.7,,,,,,,Spencer Ware,rb,10.0,0.6,77.4,20.0,0.9,116.4,,,,,
95,,,,,,,1.0,36.6,,,,,,,D'Onta Foreman,rb,5.5,0.5,58.7,45.8,1.1,173.9,,,,,
96,,,,,,,0.3,36.0,,,,,,,Dexter Williams,rb,7.5,0.2,55.3,39.1,1.1,155.7,,,,,
97,,,,,,,0.7,36.0,,,,,,,Devontae Booker,rb,11.3,0.2,93.6,29.5,0.6,119.3,,,,,
98,,,,,,,0.1,35.3,,,,,,,Thomas Rawls,rb,12.8,0.4,112.6,18.8,0.3,74.5,,,,,
99,,,,,,,1.0,33.8,,,,,,,Brandon Bolden,rb,1.9,0.2,21.6,15.5,3.3,110.8,,,,,
100,,,,,,,0.0,31.9,,,,,,,Damarea Crockett,rb,6.5,0.1,48.8,35.1,0.9,145.8,,,,,
101,,,,,,,0.0,31.3,,,,,,,Kenneth Dixon,rb,6.0,0.3,63.8,26.6,0.9,120.9,,,,,
102,,,,,,,0.6,31.0,,,,,,,Benny Snell Jr.,rb,6.2,0.2,55.3,36.2,0.9,142.2,,,,,
103,,,,,,,0.6,30.3,,,,,,,Josh Ferguson,rb,4.4,0.1,38.3,37.6,1.1,158.5,,,,,
104,,,,,,,0.1,29.5,,,,,,,Ty Johnson,rb,10.0,0.4,75.9,16.4,0.5,68.4,,,,,
105,,,,,,,0.0,28.4,,,,,,,Darius Jackson,rb,9.4,0.1,62.6,23.4,0.6,85.8,,,,,
106,,,,,,,0.2,28.4,,,,,,,Alfred Morris,rb,5.7,0.1,41.8,20.0,0.9,127.7,,,,,
107,,,,,,,0.4,27.5,,,,,,,Darrel Williams,rb,6.2,0.6,58.5,24.1,0.8,76.7,,,,,
108,,,,,,,0.2,27.0,,,,,,,Qadree Ollison,rb,4.3,0.2,34.6,32.5,0.9,128.8,,,,,
109,,,,,,,0.2,26.7,,,,,,,Jordan Wilkins,rb,4.8,0.2,34.0,28.5,0.9,122.9,,,,,
110,,,,,,,0.1,24.7,,,,,,,Rod Smith,rb,5.6,0.2,38.6,18.4,0.8,96.9,,,,,
111,,,,,,,0.1,22.5,,,,,,,Ameer Abdullah,rb,7.4,0.4,60.6,17.0,0.3,54.1,,,,,
112,,,,,,,0.0,22.2,,,,,,,Paul Perkins,rb,5.2,0.1,35.4,23.6,0.6,92.6,,,,,
113,,,,,,,0.0,21.2,,,,,,,Anthony Sherman,rb,7.0,0.7,71.3,6.7,0.2,19.5,,,,,
114,,,,,,,0.0,20.4,,,,,,,Travis Homer,rb,3.2,0.1,29.3,22.0,0.6,100.7,,,,,
115,,,,,,,0.0,20.0,,,,,,,James Develin,rb,7.1,0.2,47.0,6.1,0.9,22.2,,,,,
116,,,,,,,0.2,19.7,,,,,,,Mark Walton,rb,4.5,0.1,31.1,22.7,0.4,91.7,,,,,
117,,,,,,,0.1,19.5,,,,,,,Dwayne Washington,rb,2.9,0.1,20.7,25.4,0.6,105.6,,,,,
118,,,,,,,0.1,19.3,,,,,,,Jordan Scarlett,rb,4.8,0.1,34.0,27.5,0.5,75.6,,,,,
119,,,,,,,0.0,19.3,,,,,,,Josh Adams,rb,3.9,0.1,25.4,23.6,0.6,85.1,,,,,
120,,,,,,,0.0,18.9,,,,,,,Trey Edmunds,rb,3.0,0.0,21.6,16.4,1.1,67.6,,,,,
121,,,,,,,0.1,18.7,,,,,,,Trayveon Williams,rb,4.3,0.1,33.0,13.6,0.4,81.3,,,,,
122,,,,,,,0.1,17.8,,,,,,,Trenton Cannon,rb,5.8,0.1,42.2,15.2,0.3,57.3,,,,,
123,,,,,,,0.0,17.3,,,,,,,Jeff Wilson,rb,3.0,0.1,25.1,21.6,0.5,78.0,,,,,
124,,,,,,,0.1,16.9,,,,,,,Bruce Anderson,rb,4.4,0.2,33.4,14.6,0.4,60.3,,,,,
125,,,,,,,0.0,16.3,,,,,,,Detrez Newsome,rb,4.5,0.4,49.3,6.9,0.3,30.2,,,,,
126,,,,,,,0.1,15.2,,,,,,,Mike Boone,rb,2.7,0.0,15.7,19.2,0.6,75.4,,,,,
127,,,,,,,0.0,15.0,,,,,,,DeAndre Washington,rb,3.0,0.1,27.5,17.6,0.4,64.8,,,,,
128,,,,,,,0.1,14.9,,,,,,,Bryce Love,rb,5.3,0.2,42.8,8.1,0.2,32.5,,,,,
129,,,,,,,0.0,14.9,,,,,,,Alex Armah,rb,3.3,0.2,28.9,18.4,0.4,53.3,,,,,
130,,,,,,,0.1,14.7,,,,,,,Zach Line,rb,4.3,0.3,33.4,7.1,0.4,32.2,,,,,
131,,,,,,,0.0,14.6,,,,,,,Dare Ogunbowale,rb,6.0,0.2,39.2,8.0,0.1,29.7,,,,,
132,,,,,,,0.1,14.3,,,,,,,Elijhaa Penny,rb,5.5,0.2,45.1,6.3,0.2,24.7,,,,,
133,,,,,,,0.0,14.3,,,,,,,Justin Davis,rb,0.7,0.0,4.1,17.7,0.5,102.4,,,,,
134,,,,,,,0.0,14.2,,,,,,,Troymaine Pope,rb,4.6,0.2,44.2,8.3,0.2,29.7,,,,,
135,,,,,,,0.0,14.0,,,,,,,Raheem Mostert,rb,1.5,0.0,6.3,14.8,0.5,88.7,,,,,
136,,,,,,,0.0,13.7,,,,,,,Nick Bellore,rb,5.8,0.2,43.6,9.9,0.1,17.3,,,,,
137,,,,,,,0.0,13.6,,,,,,,Tra Carson,rb,3.2,0.4,27.3,8.6,0.4,33.8,,,,,
138,,,,,,,0.0,13.3,,,,,,,Samaje Perine,rb,2.4,0.1,35.6,9.9,0.4,44.7,,,,,
139,,,,,,,0.0,13.1,,,,,,,D.J. Foster,rb,5.1,0.2,26.4,9.1,0.1,35.8,,,,,
140,,,,,,,0.0,13.1,,,,,,,Patrick Ricard,rb,4.2,0.1,39.1,7.6,0.2,32.7,,,,,
141,,,,,,,0.1,13.1,,,,,,,T.J. Logan,rb,4.9,0.2,33.7,9.6,0.2,27.8,,,,,
142,,,,,,,0.0,12.9,,,,,,,Kenneth Farrow,rb,4.5,0.1,41.0,7.4,0.1,31.0,,,,,
143,,,,,,,0.0,12.7,,,,,,,Boston Scott,rb,4.0,0.2,39.6,7.4,0.2,27.5,,,,,
144,,,,,,,0.0,12.7,,,,,,,Andy Janovich,rb,5.4,0.3,39.9,2.6,0.1,9.5,,,,,
145,,,,,,,0.0,12.6,,,,,,,John Kelly,rb,2.7,0.2,28.9,12.1,0.3,43.5,,,,,
146,,,,,,,0.0,12.6,,,,,,,Tremon Smith,rb,4.0,0.2,33.7,7.9,0.2,29.9,,,,,
147,,,,,,,0.1,12.3,,,,,,,CJ Ham,rb,4.4,0.1,30.9,10.9,0.2,28.0,,,,,
148,,,,,,,0.0,11.4,,,,,,,Tyler Ervin,rb,3.6,0.0,40.7,5.7,0.2,25.0,,,,,
149,,,,,,,0.0,10.9,,,,,,,Shaun Wilson,rb,2.9,0.0,23.3,8.5,0.3,37.2,,,,,
150,,,,,,,0.0,10.9,,,,,,,Taiwan Jones,rb,3.9,0.2,36.2,13.3,0.0,20.5,,,,,
151,,,,,,,0.1,10.6,,,,,,,David Fluellen,rb,2.8,0.1,23.3,4.5,0.2,35.3,,,,,
152,,,,,,,0.0,10.5,,,,,,,Roosevelt Nix,rb,4.9,0.1,33.7,4.0,0.1,9.2,,,,,
153,,,,,,,0.0,10.2,,,,,,,Patrick DiMarco,rb,3.6,0.1,28.2,7.1,0.1,21.3,,,,,
154,,,,,,,0.0,10.1,,,,,,,Kenjon Barner,rb,3.6,0.0,23.0,8.3,0.2,30.8,,,,,
155,,,,,,,0.0,10.0,,,,,,,Jamize Olawale,rb,3.8,0.2,28.7,6.8,0.1,17.8,,,,,
156,,,,,,,0.0,9.9,,,,,,,Taquan Mizzell,rb,3.5,0.1,29.1,7.6,0.1,24.7,,,,,
157,,,,,,,0.0,9.7,,,,,,,De'Angelo Henderson,rb,4.1,0.2,25.9,5.3,0.1,16.1,,,,,
158,,,,,,,0.0,9.7,,,,,,,Nick Bawden,rb,4.5,0.2,27.6,0.0,0.1,5.0,,,,,
159,,,,,,,0.0,9.6,,,,,,,Jeremy McNichols,rb,3.3,0.0,20.7,7.3,0.2,27.0,,,,,
160,,,,,,,0.0,9.3,,,,,,,Derek Watt,rb,3.7,0.2,22.3,5.1,0.1,15.0,,,,,
161,,,,,,,0.0,9.2,,,,,,,Brandon Wilds,rb,3.9,0.0,21.9,6.5,0.1,22.4,,,,,
162,,,,,,,0.0,9.0,,,,,,,Jonathan Williams,rb,3.2,0.1,19.2,6.7,0.2,20.6,,,,,
163,,,,,,,0.0,8.8,,,,,,,Michael Burton,rb,3.2,0.0,23.8,7.0,0.2,22.9,,,,,
164,,,,,,,0.0,8.6,,,,,,,Ricky Ortiz,rb,3.5,0.1,19.4,8.8,0.1,17.4,,,,,
165,,,,,,,0.0,8.5,,,,,,,Garrett Griffin,rb,2.7,0.1,22.5,5.1,0.2,19.0,,,,,
166,,,,,,,0.0,8.3,,,,,,,Tommy Bohanon,rb,3.5,0.2,25.3,5.0,0.1,8.1,,,,,
167,,,,,,,0.0,8.2,,,,,,,De'Lance Turner,rb,2.2,0.2,22.7,4.5,0.2,18.9,,,,,
168,,,,,,,0.0,7.6,,,,,,,Keith Smith,rb,3.7,0.1,24.6,4.8,0.0,8.0,,,,,
169,,,,,,,0.0,6.7,,,,,,,Senorise Perry,rb,2.3,0.0,18.4,3.5,0.1,15.9,,,,,
170,,,,,,,0.0,4.1,,,,,,,Dan Vitale,rb,2.2,0.1,14.9,0.0,0.0,0.0,,,,,
171,,,,,,,0.0,3.2,,,,,,,Gregory Howell,rb,1.2,0.0,9.6,1.9,0.0,7.9,,,,,
172,,,,,,,0.0,0.0,,,,,,,Keith Ford,rb,0.0,0.0,0.0,0.0,0.0,0.0,,,,,
173,,,,,,,0.0,0.0,,,,,,,Devante Mays,rb,0.0,0.0,0.0,0.0,0.0,0.0,,,,,
174,,,,,,,0.0,0.0,,,,,,,Marcus Murphy,rb,0.0,0.0,0.0,0.0,0.0,0.0,,,,,
175,,,,,,,0.0,0.0,,,,,,,Devine Ozigbo,rb,0.0,0.0,0.0,0.0,0.0,0.0,,,,,
176,,,,,,,0.0,0.0,,,,,,,Byron Marshall,rb,0.0,0.0,0.0,0.0,0.0,0.0,,,,,
177,,,,,,,0.0,0.0,,,,,,,David Williams,rb,0.0,0.0,0.0,0.0,0.0,0.0,,,,,
178,,,,,,,0.0,0.0,,,,,,,Karan Higdon,rb,0.0,0.0,0.0,8.0,0.2,33.3,,,,,
179,,,,,,,0.0,0.0,,,,,,,Elijah Holyfield,rb,0.0,0.0,0.0,0.0,0.0,0.0,,,,,
180,,,,,,,0.0,0.0,,,,,,,Mike Weber,rb,0.0,0.0,0.0,4.1,0.1,16.3,,,,,
181,,,,,,,0.0,0.0,,,,,,,Cullen Gillaspia,rb,0.0,0.0,0.0,0.0,0.0,0.0,,,,,
182,,,,,,,0.0,0.0,,,,,,,Alex Barnes,rb,0.0,0.0,0.0,0.0,0.0,0.0,,,,,
183,,,,,,,0.0,0.0,,,,,,,Kerwynn Williams,rb,0.0,0.0,0.0,0.0,0.0,0.0,,,,,
184,,,,,,,0.0,0.0,,,,,,,Chandler Cox,rb,0.0,0.0,0.0,0.0,0.0,0.0,,,,,
185,,,,,,,0.0,0.0,,,,,,,Malcolm Johnson,rb,0.0,0.0,0.0,0.0,0.0,0.0,,,,,
186,,,,,,,0.0,0.0,,,,,,,Shane Smith,rb,0.0,0.0,0.0,0.0,0.0,0.0,,,,,
187,,,,,,,0.0,0.0,,,,,,,Mack Brown,rb,0.0,0.0,0.0,0.0,0.0,0.0,,,,,
188,,,,,,,0.0,0.0,,,,,,,Khalfani Muhammad,rb,0.0,0.0,0.0,0.0,0.0,0.0,,,,,
189,,,,,,,0.0,0.0,,,,,,,Roc Thomas,rb,0.0,0.0,0.0,0.0,0.0,0.0,,,,,
190,,,,,,,0.0,0.0,,,,,,,Cethan Carter,rb,0.0,0.0,0.0,0.0,0.0,0.0,,,,,
191,,,,,,,0.0,0.0,,,,,,,Akeem Hunt,rb,0.0,0.0,0.0,0.0,0.0,0.0,,,,,
192,,,,,,,0.0,0.0,,,,,,,Donnel Pumphrey,rb,0.0,0.0,0.0,0.0,0.0,0.0,,,,,
193,,,,,,,0.0,0.0,,,,,,,Bo Scarbrough,rb,0.0,0.0,0.0,0.0,0.0,0.0,,,,,
194,,,,,,,0.0,0.0,,,,,,,Quinton Flowers,rb,0.0,0.0,0.0,0.0,0.0,0.0,,,,,
0,,,,,,,0.9,310.3,,,,,,,Julio Jones,wr,106.1,8.3,1553.7,1.6,0.0,10.8,,,,,
1,,,,,,,0.9,310.1,,,,,,,DeAndre Hopkins,wr,104.7,10.1,1465.0,0.5,0.0,-0.6,,,,,
2,,,,,,,0.5,301.3,,,,,,,Davante Adams,wr,104.9,10.7,1331.1,0.0,0.0,0.0,,,,,
3,,,,,,,0.6,296.1,,,,,,,Michael Thomas,wr,113.2,8.4,1339.1,0.0,0.0,0.0,,,,,
4,,,,,,,0.5,294.3,,,,,,,JuJu Smith-Schuster,wr,104.0,8.7,1384.1,0.5,0.0,4.5,,,,,
5,,,,,,,0.5,282.5,,,,,,,Tyreek Hill,wr,82.4,8.9,1316.6,14.4,1.0,103.7,,,,,
6,,,,,,,0.5,271.0,,,,,,,Mike Evans,wr,87.1,7.7,1389.1,0.0,0.0,0.0,,,,,
7,,,,,,,0.5,269.8,,,,,,,Antonio Brown,wr,95.2,8.9,1221.1,0.0,0.0,0.0,,,,,
8,,,,,,,0.5,269.0,,,,,,,Odell Beckham Jr.,wr,89.0,9.0,1249.2,4.1,0.0,16.9,,,,,
9,,,,,,,0.6,267.4,,,,,,,Keenan Allen,wr,98.2,6.7,1273.8,3.7,0.0,27.6,,,,,
10,,,,,,,0.5,251.0,,,,,,,Julian Edelman,wr,92.8,6.5,1111.5,8.3,0.2,76.2,,,,,
11,,,,,,,0.5,248.8,,,,,,,Adam Thielen,wr,90.3,6.7,1170.8,3.6,0.0,20.9,,,,,
12,,,,,,,0.5,244.5,,,,,,,T.Y. Hilton,wr,79.9,6.5,1266.2,0.0,0.0,0.0,,,,,
13,,,,,,,0.5,239.9,,,,,,,Stefon Diggs,wr,90.4,7.5,1018.4,7.1,0.0,35.2,,,,,
14,,,,,,,1.0,236.2,,,,,,,Amari Cooper,wr,81.1,7.7,1101.5,1.2,0.0,9.2,,,,,
15,,,,,,,0.5,231.3,,,,,,,Brandin Cooks,wr,74.9,6.1,1135.9,7.6,0.4,46.4,,,,,
16,,,,,,,0.5,230.8,,,,,,,Robert Woods,wr,78.4,5.7,1063.9,11.9,0.8,84.8,,,,,
17,,,,,,,0.5,219.4,,,,,,,Kenny Golladay,wr,74.0,6.1,1090.4,0.9,0.0,6.8,,,,,
18,,,,,,,0.5,213.7,,,,,,,Tyler Lockett,wr,64.9,7.0,1019.4,8.7,0.1,54.3,,,,,
19,,,,,,,0.5,211.3,,,,,,,Cooper Kupp,wr,70.8,7.4,944.6,3.6,0.0,22.9,,,,,
20,,,,,,,0.4,209.3,,,,,,,Tyler Boyd,wr,76.2,5.8,989.6,1.0,0.0,3.4,,,,,
21,,,,,,,0.6,208.8,,,,,,,Chris Godwin,wr,73.2,6.3,991.9,0.0,0.0,0.0,,,,,
22,,,,,,,0.9,194.8,,,,,,,A.J. Green,wr,64.7,6.3,940.1,0.0,0.0,0.0,,,,,
23,,,,,,,0.5,193.9,,,,,,,Jarvis Landry,wr,73.0,5.1,863.3,3.5,0.3,30.8,,,,,
24,,,,,,,0.5,193.8,,,,,,,Alshon Jeffery,wr,66.2,6.5,896.3,0.0,0.0,0.0,,,,,
25,,,,,,,1.3,192.6,,,,,,,D.J. Moore,wr,65.3,4.4,902.4,13.0,0.1,127.8,,,,,
26,,,,,,,0.5,191.9,,,,,,,Allen Robinson,wr,66.1,5.7,919.3,0.6,0.1,3.9,,,,,
27,,,,,,,0.1,188.9,,,,,,,Mike Williams,wr,56.9,7.5,836.5,3.7,0.3,19.4,,,,,
28,,,,,,,0.5,187.9,,,,,,,Calvin Ridley,wr,64.2,6.8,807.9,5.5,0.0,28.7,,,,,
29,,,,,,,0.5,187.8,,,,,,,Sammy Watkins,wr,62.9,5.9,886.0,2.6,0.0,19.2,,,,,
30,,,,,,,0.5,185.8,,,,,,,Robby Anderson,wr,58.5,6.7,867.7,3.1,0.0,11.4,,,,,
31,,,,,,,0.5,181.5,,,,,,,Christian Kirk,wr,65.4,4.8,864.1,2.2,0.0,18.2,,,,,
32,,,,,,,0.6,179.4,,,,,,,Josh Gordon,wr,54.0,5.9,909.6,0.0,0.0,0.0,,,,,
33,,,,,,,1.0,178.2,,,,,,,Dede Westbrook,wr,67.9,5.0,779.8,4.7,0.0,40.1,,,,,
34,,,,,,,0.4,178.0,,,,,,,Sterling Shepard,wr,64.7,4.6,848.0,2.6,0.0,16.0,,,,,
35,,,,,,,0.5,176.4,,,,,,,Larry Fitzgerald,wr,69.0,5.5,754.5,0.0,0.0,0.0,,,,,
36,,,,,,,0.5,174.6,,,,,,,Marvin Jones,wr,56.0,6.1,830.4,0.0,0.0,0.0,,,,,
37,,,,,,,0.4,170.1,,,,,,,Dante Pettis,wr,56.2,5.8,797.9,0.9,0.0,0.1,,,,,
38,,,,,,,0.5,169.0,,,,,,,Corey Davis,wr,60.9,4.3,799.3,4.0,0.0,32.4,,,,,
39,,,,,,,0.4,167.3,,,,,,,Will Fuller,wr,54.6,5.7,790.7,0.5,0.0,2.4,,,,,
40,,,,,,,0.5,166.3,,,,,,,Emmanuel Sanders,wr,63.5,4.0,769.1,1.5,0.3,14.4,,,,,
41,,,,,,,0.4,165.1,,,,,,,Curtis Samuel,wr,54.0,4.7,670.2,10.8,1.1,97.6,,,,,
42,,,,,,,0.5,157.4,,,,,,,Mohamed Sanu,wr,60.0,3.7,731.6,3.7,0.1,24.4,,,,,
43,,,,,,,0.1,149.6,,,,,,,Courtland Sutton,wr,48.7,4.7,732.3,0.5,0.0,0.2,,,,,
44,,,,,,,0.5,148.9,,,,,,,Kenny Stills,wr,47.9,4.9,726.7,0.0,0.0,0.0,,,,,
45,,,,,,,0.5,145.8,,,,,,,Jamison Crowder,wr,55.4,3.9,662.6,2.9,0.0,18.4,,,,,
46,,,,,,,0.4,143.7,,,,,,,DeSean Jackson,wr,43.6,4.1,712.5,4.1,0.4,28.1,,,,,
47,,,,,,,0.4,143.2,,,,,,,DaeSean Hamilton,wr,57.0,4.1,626.8,0.0,0.0,0.0,,,,,
48,,,,,,,0.5,143.1,,,,,,,Geronimo Allison,wr,50.8,4.1,685.8,0.0,0.0,0.0,,,,,
49,,,,,,,0.5,143.0,,,,,,,Tyrell Williams,wr,50.1,3.8,705.5,0.6,0.0,3.9,,,,,
50,,,,,,,0.4,142.6,,,,,,,Donte Moncrief,wr,49.6,4.5,667.4,0.0,0.0,0.0,,,,,
51,,,,,,,0.1,141.5,,,,,,,Michael Gallup,wr,46.0,4.3,701.1,0.0,0.0,-0.2,,,,,
52,,,,,,,0.4,138.4,,,,,,,Marquez Valdes-Scantling,wr,47.8,3.8,672.0,1.8,0.0,15.0,,,,,
53,,,,,,,0.5,136.9,,,,,,,Keke Coutee,wr,55.0,3.4,608.7,4.4,0.1,15.7,,,,,
54,,,,,,,0.5,136.3,,,,,,,Golden Tate,wr,54.8,3.2,614.9,2.2,0.0,16.5,,,,,
55,,,,,,,0.4,136.0,,,,,,,Devin Funchess,wr,46.5,5.1,596.3,0.0,0.0,0.0,,,,,
56,,,,,,,0.4,134.8,,,,,,,Albert Wilson,wr,48.6,3.9,605.4,6.8,0.1,29.0,,,,,
57,,,,,,,0.1,133.8,,,,,,,John Brown,wr,43.1,4.4,644.9,0.8,0.0,2.7,,,,,
58,,,,,,,0.4,133.7,,,,,,,Ted Ginn,wr,43.3,3.7,617.3,8.6,0.3,57.0,,,,,
59,,,,,,,0.1,133.5,,,,,,,Devante Parker,wr,49.3,3.3,644.0,0.0,0.0,0.0,,,,,
60,,,,,,,0.4,128.7,,,,,,,Adam Humphries,wr,52.0,3.2,572.5,1.8,0.0,10.3,,,,,
61,,,,,,,0.4,128.4,,,,,,,Marqise Lee,wr,48.9,2.9,609.6,2.1,0.0,15.2,,,,,
62,,,,,,,0.4,127.8,,,,,,,Anthony Miller,wr,43.1,4.5,568.1,3.3,0.0,15.1,,,,,
63,,,,,,,0.4,125.8,,,,,,,James Washington,wr,42.8,3.7,617.4,0.0,0.0,0.0,,,,,
64,,,,,,,0.4,125.0,,,,,,,Danny Amendola,wr,54.9,2.7,546.2,0.9,0.0,3.8,,,,,
65,,,,,,,0.6,122.5,,,,,,,D.K. Metcalf,wr,39.7,4.7,556.9,0.7,0.0,4.0,,,,,
66,,,,,,,0.5,122.1,,,,,,,Taylor Gabriel,wr,47.9,2.8,540.5,5.5,0.1,38.7,,,,,
67,,,,,,,0.1,120.2,,,,,,,Marquise Goodwin,wr,36.7,4.0,578.0,3.1,0.0,18.4,,,,,
68,,,,,,,0.4,119.5,,,,,,,Parris Campbell,wr,42.9,3.6,535.9,3.0,0.1,17.9,,,,,
69,,,,,,,0.4,117.6,,,,,,,Deebo Samuel,wr,43.1,3.1,557.5,1.4,0.0,8.7,,,,,
70,,,,,,,0.4,116.2,,,,,,,Zay Jones,wr,40.7,4.0,517.3,0.6,0.0,4.2,,,,,
71,,,,,,,0.4,115.9,,,,,,,Quincy Enunwa,wr,44.5,2.7,557.4,0.7,0.0,0.1,,,,,
72,,,,,,,0.1,115.5,,,,,,,Paul Richardson,wr,39.1,3.0,572.0,1.7,0.0,11.8,,,,,
73,,,,,,,0.5,115.4,,,,,,,Willie Snead,wr,47.7,2.5,533.3,0.7,0.0,4.6,,,,,
74,,,,,,,0.8,114.9,,,,,,,Marquise Brown,wr,37.6,3.3,548.4,5.6,0.0,37.2,,,,,
75,,,,,,,0.4,114.2,,,,,,,Cole Beasley,wr,46.6,2.6,526.3,0.0,0.0,0.0,,,,,
76,,,,,,,0.1,112.8,,,,,,,Josh Doctson,wr,41.3,3.0,536.9,0.1,0.0,-0.6,,,,,
77,,,,,,,0.4,110.6,,,,,,,Randall Cobb,wr,45.5,2.6,490.5,2.5,0.0,10.1,,,,,
78,,,,,,,0.4,108.4,,,,,,,N'Keal Harry,wr,37.3,3.4,504.2,1.1,0.0,6.2,,,,,
79,,,,,,,0.1,107.3,,,,,,,Robert Foster,wr,32.7,3.5,536.6,0.0,0.0,0.0,,,,,
80,,,,,,,0.1,104.9,,,,,,,Trey Quinn,wr,41.9,2.6,467.0,1.3,0.0,7.3,,,,,
81,,,,,,,0.4,103.7,,,,,,,A.J. Brown,wr,38.3,2.7,496.4,0.7,0.0,4.0,,,,,
82,,,,,,,0.4,103.6,,,,,,,Rashard Higgins,wr,36.7,3.1,492.1,0.1,0.0,0.7,,,,,
83,,,,,,,0.1,101.6,,,,,,,Tre'Quan Smith,wr,33.3,3.4,477.2,0.4,0.0,1.7,,,,,
84,,,,,,,0.1,100.5,,,,,,,David Moore,wr,31.8,3.7,461.4,0.4,0.0,1.9,,,,,
85,,,,,,,0.4,100.5,,,,,,,Nelson Agholor,wr,36.4,3.0,444.4,3.1,0.1,23.3,,,,,
86,,,,,,,0.1,92.0,,,,,,,Breshad Perriman,wr,29.2,2.5,474.4,2.3,0.0,6.4,,,,,
87,,,,,,,0.1,87.4,,,,,,,Andy Isabella,wr,31.6,2.5,399.9,1.3,0.0,8.1,,,,,
88,,,,,,,0.1,85.4,,,,,,,John Ross,wr,28.9,3.7,333.6,2.9,0.0,11.4,,,,,
89,,,,,,,0.2,84.9,,,,,,,Chris Conley,wr,31.6,2.3,402.3,0.0,0.0,0.0,,,,,
90,,,,,,,1.4,83.0,,,,,,,D.J. Chark,wr,33.5,1.7,419.5,0.0,0.0,0.0,,,,,
91,,,,,,,0.4,80.3,,,,,,,Miles Boykin,wr,26.9,2.5,389.6,1.0,0.0,4.3,,,,,
92,,,,,,,0.1,79.4,,,,,,,Hunter Renfrow,wr,32.7,1.8,358.7,0.0,0.0,0.0,,,,,
93,,,,,,,0.4,77.7,,,,,,,Mecole Hardman,wr,23.9,2.5,348.0,4.8,0.3,30.4,,,,,
94,,,,,,,0.4,77.6,,,,,,,Travis Benjamin,wr,23.8,2.0,365.8,6.6,0.3,41.9,,,,,
95,,,,,,,0.0,77.5,,,,,,,Demarcus Robinson,wr,26.3,2.6,359.2,0.0,0.0,0.0,,,,,
96,,,,,,,0.4,72.1,,,,,,,Antonio Callaway,wr,24.5,2.5,332.0,1.0,0.0,3.9,,,,,
97,,,,,,,0.4,71.9,,,,,,,Cody Latimer,wr,23.3,2.2,363.9,0.0,0.0,0.0,,,,,
98,,,,,,,0.1,70.9,,,,,,,Terry McLaurin,wr,26.8,1.8,334.5,0.0,0.0,0.0,,,,,
99,,,,,,,0.0,68.9,,,,,,,Chris Hogan,wr,23.7,2.0,330.2,0.4,0.0,2.2,,,,,
100,,,,,,,0.0,67.8,,,,,,,Laquon Treadwell,wr,28.2,1.8,290.4,0.0,0.0,0.0,,,,,
101,,,,,,,0.1,62.8,,,,,,,Keelan Cole,wr,23.1,1.6,302.6,0.0,0.0,0.0,,,,,
102,,,,,,,0.0,60.6,,,,,,,Josh Reynolds,wr,19.6,2.2,264.5,2.2,0.0,14.0,,,,,
103,,,,,,,0.1,56.9,,,,,,,KeeSean Johnson,wr,20.9,1.5,270.6,0.0,0.0,0.0,,,,,
104,,,,,,,0.2,56.7,,,,,,,Jarius Wright,wr,22.3,1.3,258.9,1.5,0.0,10.6,,,,,
105,,,,,,,0.0,56.6,,,,,,,Equanimeous St. Brown,wr,20.5,1.5,268.8,0.1,0.0,0.9,,,,,
106,,,,,,,0.0,55.9,,,,,,,Chester Rogers,wr,20.9,1.6,248.7,0.8,0.0,5.0,,,,,
107,,,,,,,0.1,55.7,,,,,,,Chad Beebe,wr,22.1,1.7,237.4,0.0,0.0,0.0,,,,,
108,,,,,,,0.1,55.4,,,,,,,Tim Patrick,wr,20.1,1.1,280.8,2.0,0.0,7.0,,,,,
109,,,,,,,0.1,55.0,,,,,,,J.J. Arcega-Whiteside,wr,19.7,1.6,257.6,0.0,0.0,0.0,,,,,
110,,,,,,,0.1,54.9,,,,,,,Hakeem Butler,wr,19.1,1.7,255.8,0.0,0.0,0.0,,,,,
111,,,,,,,0.0,54.5,,,,,,,Phillip Dorsett,wr,19.3,1.7,236.8,1.7,0.0,11.0,,,,,
112,,,,,,,0.0,52.7,,,,,,,Keith Kirkwood,wr,18.2,1.6,247.0,0.0,0.0,0.0,,,,,
113,,,,,,,0.1,52.4,,,,,,,Ryan Switzer,wr,21.6,1.1,222.5,2.5,0.2,14.3,,,,,
114,,,,,,,0.1,52.3,,,,,,,Jakeem Grant,wr,19.3,1.2,256.4,0.3,0.0,0.8,,,,,
115,,,,,,,0.0,50.7,,,,,,,Jaron Brown,wr,15.7,2.2,212.3,0.2,0.0,2.4,,,,,
116,,,,,,,0.0,50.2,,,,,,,Demaryius Thomas,wr,18.3,1.6,226.2,0.0,0.0,0.0,,,,,
117,,,,,,,0.3,47.2,,,,,,,Taywan Taylor,wr,18.1,1.1,226.4,0.8,0.0,4.9,,,,,
118,,,,,,,0.0,45.5,,,,,,,Seth Roberts,wr,16.7,1.2,214.9,0.1,0.0,1.0,,,,,
119,,,,,,,0.1,44.8,,,,,,,Marcell Ateman,wr,16.5,1.1,218.5,0.0,0.0,0.0,,,,,
120,,,,,,,0.0,44.5,,,,,,,Eli Rogers,wr,18.4,0.9,201.1,1.3,0.0,6.3,,,,,
121,,,,,,,0.1,44.4,,,,,,,Cordarrelle Patterson,wr,12.9,0.9,150.2,12.6,0.6,76.0,,,,,
122,,,,,,,0.0,42.5,,,,,,,Bennie Fowler,wr,14.0,1.3,210.5,0.0,0.0,0.0,,,,,
123,,,,,,,0.1,42.0,,,,,,,Jalen Hurd,wr,13.7,1.0,169.7,6.5,0.3,39.7,,,,,
124,,,,,,,0.1,41.8,,,,,,,Chris Moore,wr,15.2,0.8,202.7,2.0,0.0,11.0,,,,,
125,,,,,,,0.1,41.4,,,,,,,Justin Watson,wr,15.5,1.0,199.6,0.0,0.0,0.0,,,,,
126,,,,,,,0.0,41.2,,,,,,,Kendrick Bourne,wr,15.0,1.0,201.9,0.1,0.0,0.2,,,,,
127,,,,,,,0.0,40.9,,,,,,,Justin Hardy,wr,15.6,1.2,182.9,0.0,0.0,0.0,,,,,
128,,,,,,,0.0,40.6,,,,,,,Ryan Grant,wr,16.4,0.8,194.8,0.0,0.0,0.0,,,,,
129,,,,,,,0.1,39.1,,,,,,,Darius Slayton,wr,13.6,1.0,196.0,0.0,0.0,0.0,,,,,
130,,,,,,,0.1,38.7,,,,,,,Trent Taylor,wr,15.7,0.9,178.6,0.0,0.0,0.0,,,,,
131,,,,,,,0.1,38.1,,,,,,,Jordan Taylor,wr,15.4,0.8,178.7,0.0,0.0,0.0,,,,,
132,,,,,,,0.1,37.8,,,,,,,Diontae Johnson,wr,14.4,0.7,194.6,0.0,0.0,0.0,,,,,
133,,,,,,,0.1,37.5,,,,,,,Gary Jennings,wr,13.6,1.1,172.9,0.0,0.0,0.0,,,,,
134,,,,,,,0.1,36.2,,,,,,,Tavon Austin,wr,11.4,0.6,139.2,11.2,0.1,66.0,,,,,
135,,,,,,,0.1,34.3,,,,,,,Preston Williams,wr,13.4,0.6,173.3,0.0,0.0,0.0,,,,,
136,,,,,,,0.1,33.8,,,,,,,J.J. Nelson,wr,12.3,0.7,162.2,1.3,0.0,7.6,,,,,
137,,,,,,,0.0,32.0,,,,,,,Amara Darboh,wr,12.2,0.9,140.8,0.0,0.0,0.0,,,,,
138,,,,,,,0.0,30.2,,,,,,,Tajae Sharpe,wr,11.3,0.7,146.9,0.1,0.0,0.3,,,,,
139,,,,,,,0.0,30.1,,,,,,,TJ Jones,wr,11.6,0.7,141.1,0.0,0.0,0.0,,,,,
140,,,,,,,0.0,28.9,,,,,,,Bobo Wilson,wr,11.3,0.6,135.2,0.3,0.0,2.5,,,,,
141,,,,,,,0.0,28.6,,,,,,,Jake Kumerow,wr,10.2,0.9,131.3,0.0,0.0,0.0,,,,,
142,,,,,,,0.1,28.5,,,,,,,Deon Cain,wr,10.7,0.8,128.6,0.0,0.0,0.0,,,,,
143,,,,,,,0.0,28.1,,,,,,,Jaelen Strong,wr,7.5,1.2,134.8,0.0,0.0,0.0,,,,,
144,,,,,,,0.1,28.0,,,,,,,Isaiah McKenzie,wr,9.3,0.7,118.1,3.5,0.1,25.2,,,,,
145,,,,,,,0.1,28.0,,,,,,,Allen Hurns,wr,9.8,0.8,134.5,0.0,0.0,0.0,,,,,
146,,,,,,,0.0,27.6,,,,,,,Alex Erickson,wr,10.6,0.6,127.4,0.9,0.0,5.0,,,,,
147,,,,,,,0.0,27.2,,,,,,,Torrey Smith,wr,9.5,0.5,148.4,0.1,0.0,1.0,,,,,
148,,,,,,,0.0,26.2,,,,,,,Zach Pascal,wr,9.4,0.7,125.3,0.1,0.0,0.2,,,,,
149,,,,,,,0.0,26.2,,,,,,,Jakobi Meyers,wr,9.5,0.7,122.3,0.0,0.0,0.0,,,,,
150,,,,,,,0.1,26.0,,,,,,,Travis Fulgham,wr,9.6,0.7,124.0,0.0,0.0,0.0,,,,,
151,,,,,,,0.0,24.7,,,,,,,Russell Shepard,wr,8.3,0.7,121.3,0.0,0.0,0.1,,,,,
152,,,,,,,0.0,23.9,,,,,,,Russell Gage,wr,8.5,0.8,107.1,0.0,0.0,0.0,,,,,
153,,,,,,,0.0,23.9,,,,,,,Andy Jones,wr,9.9,0.3,122.3,0.0,0.0,0.0,,,,,
154,,,,,,,0.0,23.2,,,,,,,Cody Core,wr,9.5,0.4,111.8,0.0,0.0,0.0,,,,,
155,,,,,,,0.1,22.7,,,,,,,Kelvin Harmon,wr,8.5,0.6,108.0,0.0,0.0,0.0,,,,,
156,,,,,,,0.0,22.6,,,,,,,Marvin Hall,wr,7.9,0.5,116.7,0.0,0.0,0.0,,,,,
157,,,,,,,0.0,22.4,,,,,,,Riley Ridley,wr,8.4,0.6,105.8,0.0,0.0,0.0,,,,,
158,,,,,,,0.0,22.2,,,,,,,Brian Quick,wr,8.5,0.6,103.0,0.0,0.0,0.0,,,,,
159,,,,,,,0.1,21.6,,,,,,,Chris Lacy,wr,8.7,0.5,98.6,0.0,0.0,0.0,,,,,
160,,,,,,,0.0,21.1,,,,,,,DeAndre Carter,wr,8.1,0.6,93.7,0.1,0.0,0.2,,,,,
161,,,,,,,0.0,21.0,,,,,,,Terry Godwin,wr,7.6,0.5,102.2,0.0,0.0,0.0,,,,,
162,,,,,,,0.0,20.8,,,,,,,Austin Carr,wr,6.9,0.8,89.9,0.0,0.0,0.0,,,,,
163,,,,,,,0.0,20.4,,,,,,,Darvin Kidsy,wr,5.9,0.9,89.1,0.0,0.0,0.0,,,,,
164,,,,,,,0.0,20.3,,,,,,,Jehu Chesson,wr,6.8,0.6,100.2,0.1,0.0,0.1,,,,,
165,,,,,,,0.0,19.3,,,,,,,Artavis Scott,wr,7.2,0.5,90.0,0.0,0.0,0.0,,,,,
166,,,,,,,0.0,18.5,,,,,,,Jordan Matthews,wr,7.4,0.4,87.2,0.0,0.0,0.0,,,,,
167,,,,,,,0.0,18.4,,,,,,,Deontay Burnett,wr,7.1,0.6,78.3,0.0,0.0,0.0,,,,,
168,,,,,,,0.0,17.1,,,,,,,Geremy Davis,wr,6.0,0.5,83.2,0.0,0.0,0.0,,,,,
169,,,,,,,0.1,16.8,,,,,,,Josh Malone,wr,7.0,0.2,86.8,0.3,0.0,-0.2,,,,,
170,,,,,,,0.0,16.5,,,,,,,Byron Marshall,wr,5.4,0.2,97.4,0.4,0.0,1.0,,,,,
171,,,,,,,0.0,16.4,,,,,,,Mack Hollins,wr,4.8,0.6,81.1,0.0,0.0,0.0,,,,,
172,,,,,,,0.0,16.3,,,,,,,Josh Bellamy,wr,5.4,0.5,81.6,0.1,0.0,-0.1,,,,,
173,,,,,,,0.0,16.1,,,,,,,Vyncint Smith,wr,5.6,0.5,78.4,0.0,0.0,0.0,,,,,
174,,,,,,,0.0,16.0,,,,,,,Braxton Miller,wr,5.7,0.5,74.7,0.0,0.0,0.2,,,,,
175,,,,,,,0.0,16.0,,,,,,,Tommylee Lewis,wr,6.0,0.5,67.1,0.3,0.0,2.0,,,,,
176,,,,,,,0.0,15.9,,,,,,,K.J. Brent,wr,7.4,0.3,66.5,0.0,0.0,0.0,,,,,
177,,,,,,,0.0,15.7,,,,,,,Maurice Harris,wr,5.1,0.5,73.1,0.3,0.0,1.5,,,,,
178,,,,,,,0.0,15.7,,,,,,,Tanner Gentry,wr,5.6,0.4,76.9,0.0,0.0,0.0,,,,,
179,,,,,,,0.0,14.8,,,,,,,Brice Butler,wr,5.9,0.3,70.1,0.0,0.0,0.0,,,,,
180,,,,,,,0.0,14.8,,,,,,,Kalif Raymond,wr,6.0,0.3,68.9,0.0,0.0,0.0,,,,,
181,,,,,,,0.0,14.8,,,,,,,Derrick Willies,wr,5.1,0.5,70.1,0.0,0.0,0.0,,,,,
182,,,,,,,0.0,14.7,,,,,,,Aldrick Robinson,wr,4.2,0.5,75.8,0.0,0.0,0.1,,,,,
183,,,,,,,0.0,14.3,,,,,,,Keon Hatcher,wr,6.1,0.2,71.9,0.0,0.0,0.0,,,,,
184,,,,,,,0.0,14.3,,,,,,,Quadree Henderson,wr,5.2,0.5,63.5,0.0,0.0,0.0,,,,,
185,,,,,,,0.0,14.3,,,,,,,Noah Brown,wr,5.2,0.4,69.1,0.0,0.0,0.0,,,,,
186,,,,,,,0.0,13.9,,,,,,,Cameron Meredith,wr,6.3,0.2,61.6,0.0,0.0,0.0,,,,,
187,,,,,,,0.0,13.6,,,,,,,Trevor Davis,wr,4.8,0.4,64.6,0.0,0.0,0.4,,,,,
188,,,,,,,0.0,13.5,,,,,,,Brandon Zylstra,wr,4.7,0.4,64.1,0.0,0.0,0.0,,,,,
189,,,,,,,0.0,13.1,,,,,,,Richie James,wr,5.3,0.2,67.9,0.0,0.0,0.0,,,,,
190,,,,,,,0.0,12.7,,,,,,,Darius Jennings,wr,5.5,0.3,56.3,0.5,0.0,1.1,,,,,
191,,,,,,,0.0,11.9,,,,,,,Damion Ratley,wr,3.8,0.5,53.5,0.0,0.0,0.0,,,,,
192,,,,,,,0.0,11.8,,,,,,,Rashad Ross,wr,3.2,0.8,40.9,0.0,0.0,0.0,,,,,
193,,,,,,,0.0,11.8,,,,,,,Marcus Kemp,wr,4.5,0.2,59.9,0.0,0.0,0.6,,,,,
194,,,,,,,0.0,11.7,,,,,,,Kevin White,wr,4.2,0.3,57.1,0.0,0.0,0.0,,,,,
195,,,,,,,0.0,11.7,,,,,,,Auden Tate,wr,4.8,0.1,60.8,0.0,0.0,0.0,,,,,
196,,,,,,,0.0,11.3,,,,,,,Malik Turner,wr,4.3,0.5,40.7,0.0,0.0,0.0,,,,,
197,,,,,,,0.0,11.3,,,,,,,Dwayne Harris,wr,4.7,0.0,54.1,1.3,0.0,7.7,,,,,
198,,,,,,,0.0,11.2,,,,,,,Allen Lazard,wr,4.9,0.2,48.9,0.0,0.0,0.0,,,,,
199,,,,,,,0.0,11.0,,,,,,,Victor Bolden Jr.,wr,4.2,0.2,57.8,0.0,0.0,0.0,,,,,
200,,,,,,,0.0,10.8,,,,,,,Vince Mayle,wr,2.6,0.6,44.8,0.1,0.0,-0.1,,,,,
201,,,,,,,0.0,10.7,,,,,,,Hunter Sharp,wr,3.9,0.3,51.6,0.0,0.0,0.0,,,,,
202,,,,,,,0.0,10.6,,,,,,,Brandon Powell,wr,5.0,0.2,46.2,0.1,0.0,0.2,,,,,
203,,,,,,,0.0,10.5,,,,,,,Johnny Holton,wr,4.2,0.2,50.9,0.0,0.0,0.0,,,,,
204,,,,,,,0.0,10.5,,,,,,,River Cracraft,wr,2.9,0.3,55.4,0.0,0.0,0.0,,,,,
205,,,,,,,0.0,10.5,,,,,,,Cam Phillips,wr,3.9,0.2,55.0,0.0,0.0,0.0,,,,,
206,,,,,,,0.0,9.3,,,,,,,J'Mon Moore,wr,4.4,0.1,45.4,0.0,0.0,0.0,,,,,
207,,,,,,,0.0,9.1,,,,,,,Ray-Ray McCloud,wr,2.0,0.2,39.9,3.4,0.1,16.1,,,,,
208,,,,,,,0.0,9.0,,,,,,,Mike Thomas,wr,3.1,0.4,37.9,0.0,0.0,0.0,,,,,
209,,,,,,,0.0,8.9,,,,,,,Devin Smith,wr,3.1,0.4,36.8,0.0,0.0,0.0,,,,,
210,,,,,,,0.0,8.9,,,,,,,Cedrick Wilson,wr,3.1,0.4,36.8,0.0,0.0,0.0,,,,,
211,,,,,,,0.0,8.9,,,,,,,Charles Johnson,wr,3.2,0.3,36.9,0.0,0.0,0.0,,,,,
212,,,,,,,0.0,8.7,,,,,,,Isaiah Ford,wr,3.3,0.2,43.7,0.0,0.0,0.0,,,,,
213,,,,,,,0.0,8.4,,,,,,,Dontrelle Inman,wr,2.6,0.3,39.7,0.0,0.0,0.0,,,,,
214,,,,,,,0.0,8.3,,,,,,,Olabisi Johnson,wr,3.2,0.2,39.1,0.0,0.0,0.0,,,,,
215,,,,,,,0.0,8.3,,,,,,,Gehrig Dieter,wr,3.1,0.3,36.2,0.0,0.0,0.0,,,,,
216,,,,,,,0.0,8.2,,,,,,,Greg Dortch,wr,3.0,0.2,38.6,0.0,0.0,0.0,,,,,
217,,,,,,,0.0,8.2,,,,,,,Cam Sims,wr,3.3,0.2,40.0,0.0,0.0,0.0,,,,,
218,,,,,,,0.0,8.1,,,,,,,DeAndrew White,wr,2.6,0.4,31.9,0.0,0.0,0.0,,,,,
219,,,,,,,0.0,7.8,,,,,,,Tim White,wr,2.7,0.3,34.5,0.0,0.0,0.0,,,,,
220,,,,,,,0.0,7.7,,,,,,,Terrelle Pryor,wr,2.8,0.2,37.9,0.0,0.0,0.0,,,,,
221,,,,,,,0.0,7.6,,,,,,,Brittan Golden,wr,2.6,0.3,35.1,0.0,0.0,0.0,,,,,
222,,,,,,,0.0,7.3,,,,,,,Chad Hansen,wr,2.4,0.3,32.3,0.0,0.0,0.0,,,,,
223,,,,,,,0.0,7.3,,,,,,,Javon Wims,wr,2.5,0.2,35.7,0.0,0.0,0.0,,,,,
224,,,,,,,0.0,7.1,,,,,,,JoJo Natson,wr,1.8,0.2,43.0,0.1,0.0,0.0,,,,,
225,,,,,,,0.0,6.7,,,,,,,Jaleel Scott,wr,2.6,0.2,32.9,0.0,0.0,0.0,,,,,
226,,,,,,,0.0,6.7,,,,,,,Deonte Thompson,wr,2.6,0.2,31.2,0.1,0.0,-0.1,,,,,
227,,,,,,,0.0,6.4,,,,,,,J.J. Jones,wr,2.3,0.1,31.5,0.2,0.0,0.9,,,,,
228,,,,,,,0.0,5.9,,,,,,,Nick Williams,wr,2.2,0.1,29.7,0.0,0.0,0.0,,,,,
229,,,,,,,0.0,5.8,,,,,,,Andre Roberts,wr,2.6,0.1,27.0,0.0,0.0,0.6,,,,,
230,,,,,,,0.0,5.7,,,,,,,Michael Floyd,wr,2.2,0.1,26.5,0.0,0.0,0.0,,,,,
231,,,,,,,0.0,5.7,,,,,,,Charone Peake,wr,1.9,0.1,30.6,0.0,0.0,0.0,,,,,
232,,,,,,,0.0,5.6,,,,,,,Chad Williams,wr,2.1,0.2,26.5,0.1,0.0,0.2,,,,,
233,,,,,,,0.0,5.6,,,,,,,Isaac Whitney,wr,2.1,0.2,25.5,0.0,0.0,0.0,,,,,
234,,,,,,,0.0,5.5,,,,,,,Damiere Byrd,wr,2.8,0.0,27.4,0.1,0.0,0.2,,,,,
235,,,,,,,0.0,5.2,,,,,,,Trent Sherfield,wr,1.9,0.2,23.5,0.0,0.0,0.0,,,,,
236,,,,,,,0.0,5.1,,,,,,,Pharoh Cooper,wr,2.7,0.0,24.2,0.1,0.0,0.1,,,,,
237,,,,,,,0.0,5.1,,,,,,,Khadarel Hodge,wr,2.1,0.1,23.6,0.0,0.0,0.0,,,,,
238,,,,,,,0.0,4.7,,,,,,,Byron Pringle,wr,1.7,0.2,21.2,0.0,0.0,0.0,,,,,
239,,,,,,,0.0,4.7,,,,,,,Marcus Green,wr,1.7,0.1,21.6,0.0,0.0,0.0,,,,,
240,,,,,,,0.0,4.6,,,,,,,Krishawn Hogan,wr,1.8,0.2,15.8,0.0,0.0,0.0,,,,,
241,,,,,,,0.0,4.3,,,,,,,Marcus Johnson,wr,1.5,0.1,19.9,0.0,0.0,0.3,,,,,
242,,,,,,,0.0,4.2,,,,,,,Juwann Winfree,wr,1.7,0.1,20.2,0.0,0.0,0.0,,,,,
243,,,,,,,0.0,3.8,,,,,,,Keenan Reynolds,wr,1.4,0.1,17.2,0.0,0.0,0.0,,,,,
244,,,,,,,0.0,1.8,,,,,,,Matt Slater,wr,0.7,0.0,8.4,0.0,0.0,0.0,,,,,
245,,,,,,,0.0,0.0,,,,,,,Cam Batson,wr,0.0,0.0,0.0,0.0,0.0,0.0,,,,,
246,,,,,,,0.0,0.0,,,,,,,Jordan Lasley,wr,0.0,0.0,0.0,0.0,0.0,0.0,,,,,
247,,,,,,,0.0,0.0,,,,,,,Daurice Fountain,wr,0.0,0.0,0.0,0.0,0.0,0.0,,,,,
248,,,,,,,0.0,0.0,,,,,,,Kelvin McKnight,wr,0.0,0.0,0.0,0.0,0.0,0.0,,,,,
249,,,,,,,0.0,0.0,,,,,,,Ashton Dulin,wr,0.0,0.0,0.0,0.0,0.0,0.0,,,,,
250,,,,,,,0.0,0.0,,,,,,,Tanner McEvoy,wr,0.0,0.0,0.0,0.0,0.0,0.0,,,,,
251,,,,,,,0.0,0.0,,,,,,,Antoine Wesley,wr,0.0,0.0,0.0,0.0,0.0,0.0,,,,,
252,,,,,,,0.0,0.0,,,,,,,Brendan Langley,wr,0.0,0.0,0.0,0.0,0.0,0.0,,,,,
253,,,,,,,0.0,0.0,,,,,,,Roger Lewis,wr,0.0,0.0,0.0,0.0,0.0,0.0,,,,,
254,,,,,,,0.0,0.0,,,,,,,Dillon Mitchell,wr,0.0,0.0,0.0,0.0,0.0,0.0,,,,,
255,,,,,,,0.0,0.0,,,,,,,Tre McBride,wr,0.0,0.0,0.0,0.0,0.0,0.0,,,,,
256,,,,,,,0.0,0.0,,,,,,,Robert Davis,wr,0.0,0.0,0.0,0.0,0.0,0.0,,,,,
257,,,,,,,0.0,0.0,,,,,,,Emmanuel Butler,wr,0.0,0.0,0.0,0.0,0.0,0.0,,,,,
258,,,,,,,0.0,0.0,,,,,,,Joe Webb,wr,0.0,0.0,0.0,0.0,0.0,0.0,,,,,
259,,,,,,,0.0,0.0,,,,,,,Da'Mari Scott,wr,0.0,0.0,0.0,0.0,0.0,0.0,,,,,
260,,,,,,,0.0,0.0,,,,,,,DeAngelo Yancey,wr,0.0,0.0,0.0,0.0,0.0,0.0,,,,,
261,,,,,,,0.0,0.0,,,,,,,Emanuel Hall,wr,0.0,0.0,0.0,0.0,0.0,0.0,,,,,
262,,,,,,,0.0,0.0,,,,,,,Braxton Berrios,wr,0.0,0.0,0.0,0.0,0.0,0.0,,,,,
263,,,,,,,0.0,0.0,,,,,,,Tyre Brady,wr,0.0,0.0,0.0,0.0,0.0,0.0,,,,,
264,,,,,,,0.0,0.0,,,,,,,Jester Weah,wr,0.0,0.0,0.0,0.0,0.0,0.0,,,,,
265,,,,,,,0.0,0.0,,,,,,,Austin Proehl,wr,0.0,0.0,0.0,0.0,0.0,0.0,,,,,
266,,,,,,,0.0,0.0,,,,,,,Penny Hart,wr,0.0,0.0,0.0,0.0,0.0,0.0,,,,,
267,,,,,,,0.0,0.0,,,,,,,Alonzo Russell,wr,0.0,0.0,0.0,0.0,0.0,0.0,,,,,
268,,,,,,,0.0,0.0,,,,,,,Taquan Mizzell,wr,0.0,0.0,0.0,0.0,0.0,0.0,,,,,
269,,,,,,,0.0,0.0,,,,,,,Simmie Cobbs Jr.,wr,0.0,0.0,0.0,0.0,0.0,0.0,,,,,
270,,,,,,,0.0,0.0,,,,,,,Marken Michel,wr,0.0,0.0,0.0,0.0,0.0,0.0,,,,,
271,,,,,,,0.0,0.0,,,,,,,Carlton Agudosi,wr,0.0,0.0,0.0,0.0,0.0,0.0,,,,,
272,,,,,,,0.0,0.0,,,,,,,Jaydon Mickens,wr,0.0,0.0,0.0,0.0,0.0,0.0,,,,,
273,,,,,,,0.0,0.0,,,,,,,Lil'Jordan Humphrey,wr,0.0,0.0,0.0,0.0,0.0,0.0,,,,,
274,,,,,,,0.0,0.0,,,,,,,John Ursua,wr,0.0,0.0,0.0,0.0,0.0,0.0,,,,,
275,,,,,,,0.0,0.0,,,,,,,Chris Thompson,wr,0.0,0.0,0.0,0.0,0.0,0.0,,,,,
276,,,,,,,0.0,0.0,,,,,,,Malachi Dupre,wr,0.0,0.0,0.0,0.0,0.0,0.0,,,,,
0,,,,,,,0.6,279.3,,,,,,,Travis Kelce,te,98.7,9.4,1252.1,,,,,,,,
1,,,,,,,0.4,237.9,,,,,,,George Kittle,te,84.5,6.4,1156.6,,,,,,,,
2,,,,,,,0.5,230.0,,,,,,,Zach Ertz,te,91.3,7.1,968.0,,,,,,,,
3,,,,,,,0.5,179.1,,,,,,,Evan Engram,te,67.7,5.3,807.4,,,,,,,,
4,,,,,,,0.5,175.4,,,,,,,O.J. Howard,te,56.7,6.4,812.8,,,,,,,,
5,,,,,,,0.4,172.1,,,,,,,Jared Cook,te,60.9,5.9,764.5,,,,,,,,
6,,,,,,,0.5,161.7,,,,,,,Hunter Henry,te,55.3,6.1,705.6,,,,,,,,
7,,,,,,,0.5,153.7,,,,,,,Vance McDonald,te,58.5,4.9,670.5,,,,,,,,
8,,,,,,,0.5,149.4,,,,,,,Jordan Reed,te,63.4,3.8,641.3,,,,,,,,
9,,,,,,,0.4,146.4,,,,,,,David Njoku,te,54.1,4.9,638.8,,,,,,,,
10,,,,,,,0.4,146.1,,,,,,,Austin Hooper,te,61.4,4.3,597.8,,,,,,,,
11,,,,,,,0.4,145.4,,,,,,,Eric Ebron,te,51.5,6.1,582.5,,,,,,,,
12,,,,,,,0.5,141.6,,,,,,,Delanie Walker,te,56.1,4.1,620.2,,,,,,,,
13,,,,,,,0.4,131.1,,,,,,,Jimmy Graham,te,51.7,4.1,556.9,,,,,,,,
14,,,,,,,0.1,131.0,,,,,,,Mark Andrews,te,46.0,4.1,606.3,,,,,,,,
15,,,,,,,0.4,129.1,,,,,,,Kyle Rudolph,te,52.6,4.3,513.5,,,,,,,,
16,,,,,,,0.8,127.6,,,,,,,Jack Doyle,te,54.0,4.1,506.4,,,,,,,,
17,,,,,,,0.5,126.0,,,,,,,Trey Burton,te,48.4,4.3,527.2,,,,,,,,
18,,,,,,,0.1,124.1,,,,,,,Greg Olsen,te,45.1,4.4,527.9,,,,,,,,
19,,,,,,,1.1,118.6,,,,,,,T.J. Hockenson,te,48.2,3.7,506.7,,,,,,,,
20,,,,,,,0.6,117.6,,,,,,,Noah Fant,te,45.9,3.6,515.0,,,,,,,,
21,,,,,,,0.1,112.0,,,,,,,Tyler Eifert,te,42.9,3.6,476.9,,,,,,,,
22,,,,,,,0.4,109.8,,,,,,,Jason Witten,te,45.6,3.4,446.7,,,,,,,,
23,,,,,,,0.1,96.3,,,,,,,Chris Herndon IV,te,33.9,3.5,416.8,,,,,,,,
24,,,,,,,0.4,95.5,,,,,,,Darren Waller,te,37.5,3.0,409.4,,,,,,,,
25,,,,,,,0.1,93.9,,,,,,,Dallas Goedert,te,34.4,4.0,357.2,,,,,,,,
26,,,,,,,0.8,81.9,,,,,,,Mike Gesicki,te,35.0,2.2,353.3,,,,,,,,
27,,,,,,,0.1,77.7,,,,,,,Geoff Swaim,te,32.9,2.0,327.8,,,,,,,,
28,,,,,,,0.1,76.5,,,,,,,Will Dissly,te,25.1,3.1,330.4,,,,,,,,
29,,,,,,,0.4,74.8,,,,,,,Cameron Brate,te,27.5,3.1,293.2,,,,,,,,
30,,,,,,,0.1,74.3,,,,,,,Vernon Davis,te,27.3,2.1,344.8,,,,,,,,
31,,,,,,,0.1,73.3,,,,,,,Gerald Everett,te,27.7,2.6,301.0,,,,,,,,
32,,,,,,,0.1,72.0,,,,,,,Benjamin Watson,te,27.5,2.2,317.0,,,,,,,,
33,,,,,,,0.6,67.6,,,,,,,Jace Sternberger,te,26.9,2.2,285.6,,,,,,,,
34,,,,,,,0.0,65.2,,,,,,,Ian Thomas,te,26.3,2.0,267.4,,,,,,,,
35,,,,,,,0.6,61.8,,,,,,,Josh Oliver,te,25.9,1.5,280.3,,,,,,,,
36,,,,,,,0.1,61.2,,,,,,,Jordan Thomas,te,23.0,2.2,252.3,,,,,,,,
37,,,,,,,0.1,60.4,,,,,,,Matt LaCosse,te,24.4,1.5,268.4,,,,,,,,
38,,,,,,,0.0,59.8,,,,,,,Ricky Seals-Jones,te,23.0,1.8,257.1,,,,,,,,
39,,,,,,,0.4,56.7,,,,,,,Charles Clay,te,24.7,1.5,237.3,,,,,,,,
40,,,,,,,0.1,56.2,,,,,,,Hayden Hurst,te,20.5,1.9,245.9,,,,,,,,
41,,,,,,,0.0,56.2,,,,,,,C.J. Uzomah,te,23.3,1.5,239.9,,,,,,,,
42,,,,,,,0.0,56.1,,,,,,,Blake Jarwin,te,21.8,1.8,233.6,,,,,,,,
43,,,,,,,0.0,55.3,,,,,,,Tyler Higbee,te,21.2,1.7,240.0,,,,,,,,
44,,,,,,,0.0,54.2,,,,,,,Jesse James,te,21.9,1.6,228.1,,,,,,,,
45,,,,,,,0.6,52.0,,,,,,,Irv Smith Jr.,te,21.2,1.7,218.2,,,,,,,,
46,,,,,,,0.0,50.8,,,,,,,Jeff Heuerman,te,21.0,1.6,204.0,,,,,,,,
47,,,,,,,0.0,50.6,,,,,,,Nick Vannett,te,21.0,1.6,202.1,,,,,,,,
48,,,,,,,0.0,49.3,,,,,,,Adam Shaheen,te,19.5,1.7,198.0,,,,,,,,
49,,,,,,,0.1,47.3,,,,,,,Tyler Kroft,te,19.2,1.4,200.5,,,,,,,,
50,,,,,,,0.1,44.8,,,,,,,Mo Alie-Cox,te,14.9,1.8,194.0,,,,,,,,
51,,,,,,,0.0,44.7,,,,,,,Rhett Ellison,te,18.1,1.2,191.5,,,,,,,,
52,,,,,,,0.1,43.9,,,,,,,Dawson Knox,te,17.3,1.1,200.1,,,,,,,,
53,,,,,,,0.0,42.6,,,,,,,James O'Shaughnessy,te,18.1,1.1,181.7,,,,,,,,
54,,,,,,,0.5,42.2,,,,,,,Kahale Warring,te,17.3,1.3,184.9,,,,,,,,
55,,,,,,,0.7,41.9,,,,,,,Jason Croom,te,16.7,1.1,196.8,,,,,,,,
56,,,,,,,0.0,41.2,,,,,,,Jonnu Smith,te,16.5,1.2,177.8,,,,,,,,
57,,,,,,,0.5,37.5,,,,,,,Virgil Green,te,15.0,1.2,160.8,,,,,,,,
58,,,,,,,0.0,37.1,,,,,,,Jordan Akins,te,14.4,1.0,169.9,,,,,,,,
59,,,,,,,0.5,34.8,,,,,,,Drew Sample,te,14.5,1.2,141.2,,,,,,,,
60,,,,,,,0.0,33.3,,,,,,,Dwayne Allen,te,14.9,0.9,129.0,,,,,,,,
61,,,,,,,0.1,33.2,,,,,,,Jacob Hollister,te,12.8,1.1,141.8,,,,,,,,
62,,,,,,,0.1,32.9,,,,,,,Jake Butt,te,13.0,1.1,135.2,,,,,,,,
63,,,,,,,0.1,32.4,,,,,,,Maxx Williams,te,14.7,0.8,130.7,,,,,,,,
64,,,,,,,0.0,32.2,,,,,,,Tanner Hudson,te,12.0,1.0,142.0,,,,,,,,
65,,,,,,,0.0,32.2,,,,,,,Demetrius Harris,te,11.0,1.4,125.9,,,,,,,,
66,,,,,,,0.5,30.6,,,,,,,Josh Hill,te,12.8,1.0,127.6,,,,,,,,
67,,,,,,,0.0,30.5,,,,,,,Jakob Johnson,te,12.0,1.0,125.0,,,,,,,,
68,,,,,,,0.1,30.2,,,,,,,Nick O'Leary,te,10.8,0.9,138.4,,,,,,,,
69,,,,,,,0.0,30.0,,,,,,,Ed Dickson,te,11.3,1.1,122.3,,,,,,,,
70,,,,,,,0.6,29.0,,,,,,,Xavier Grimble,te,11.2,1.0,131.9,,,,,,,,
71,,,,,,,0.0,29.0,,,,,,,Ryan Griffin,te,11.8,0.8,124.6,,,,,,,,
72,,,,,,,0.0,26.4,,,,,,,Logan Paulsen,te,9.7,1.0,104.9,,,,,,,,
73,,,,,,,0.0,25.7,,,,,,,Levine Toilolo,te,9.7,0.8,111.9,,,,,,,,
74,,,,,,,0.0,25.3,,,,,,,Anthony Firkser,te,9.3,0.9,108.7,,,,,,,,
75,,,,,,,0.0,25.1,,,,,,,Eric Tomlinson,te,10.9,0.7,101.1,,,,,,,,
76,,,,,,,0.0,24.6,,,,,,,Luke Willson,te,11.7,0.4,102.2,,,,,,,,
77,,,,,,,0.0,23.9,,,,,,,Nick Boyle,te,10.5,0.6,100.9,,,,,,,,
78,,,,,,,0.0,23.8,,,,,,,Foster Moreau,te,9.7,0.7,98.0,,,,,,,,
79,,,,,,,0.0,22.1,,,,,,,Derek Carrier,te,8.1,1.0,82.1,,,,,,,,
80,,,,,,,0.0,21.9,,,,,,,Blake Bell,te,8.5,0.8,88.1,,,,,,,,
81,,,,,,,0.0,21.6,,,,,,,Zach Gentry,te,8.6,0.7,91.1,,,,,,,,
82,,,,,,,0.0,21.1,,,,,,,Luke Stocker,te,6.9,1.1,76.0,,,,,,,,
83,,,,,,,0.0,21.0,,,,,,,MyCole Pruitt,te,8.1,0.8,83.3,,,,,,,,
84,,,,,,,0.0,19.8,,,,,,,Robert Tonyan,te,6.5,0.6,97.3,,,,,,,,
85,,,,,,,0.0,19.6,,,,,,,Garrett Celek,te,6.3,0.9,80.6,,,,,,,,
86,,,,,,,0.0,19.2,,,,,,,Dan Arnold,te,6.9,0.7,77.9,,,,,,,,
87,,,,,,,0.0,19.0,,,,,,,Tyler Conklin,te,7.8,0.5,80.9,,,,,,,,
88,,,,,,,0.1,18.9,,,,,,,Trevon Wesco,te,7.5,0.6,81.1,,,,,,,,
89,,,,,,,0.0,18.6,,,,,,,Marcedes Lewis,te,6.6,0.7,75.6,,,,,,,,
90,,,,,,,0.0,18.3,,,,,,,Lance Kendricks,te,7.7,0.6,73.0,,,,,,,,
91,,,,,,,0.1,17.5,,,,,,,Daniel Brown,te,6.9,0.5,75.6,,,,,,,,
92,,,,,,,0.0,17.2,,,,,,,Alize Mack,te,6.9,0.6,67.1,,,,,,,,
93,,,,,,,0.0,17.2,,,,,,,Stephen Anderson,te,6.1,0.5,83.2,,,,,,,,
94,,,,,,,0.0,16.9,,,,,,,Garrett Griffin,te,6.0,1.0,49.0,,,,,,,,
95,,,,,,,0.0,16.9,,,,,,,Kaden Smith,te,6.4,0.6,71.6,,,,,,,,
96,,,,,,,0.0,16.7,,,,,,,Isaac Nauta,te,6.9,0.6,65.0,,,,,,,,
97,,,,,,,0.0,16.7,,,,,,,Chris Manhertz,te,5.3,0.7,74.4,,,,,,,,
98,,,,,,,0.0,16.6,,,,,,,Seth DeValve,te,6.0,0.5,74.4,,,,,,,,
99,,,,,,,0.0,16.0,,,,,,,Antony Auclair,te,7.1,0.4,63.6,,,,,,,,
100,,,,,,,0.1,15.7,,,,,,,Dalton Schultz,te,7.0,0.3,72.6,,,,,,,,
101,,,,,,,0.1,15.0,,,,,,,Jeremy Sprinkle,te,5.9,0.5,61.9,,,,,,,,
102,,,,,,,0.0,14.9,,,,,,,Darren Fells,te,5.3,0.4,70.4,,,,,,,,
103,,,,,,,0.1,14.6,,,,,,,Durham Smythe,te,6.0,0.4,64.5,,,,,,,,
104,,,,,,,0.0,13.1,,,,,,,Cethan Carter,te,5.0,0.6,47.1,,,,,,,,
105,,,,,,,0.0,12.6,,,,,,,Richard Rodgers,te,4.9,0.4,54.1,,,,,,,,
106,,,,,,,0.0,11.7,,,,,,,Caleb Wilson,te,5.3,0.1,57.7,,,,,,,,
107,,,,,,,0.0,11.6,,,,,,,Jordan Franks,te,4.2,0.4,49.9,,,,,,,,
108,,,,,,,0.0,10.8,,,,,,,Jason Vander Laan,te,2.4,0.5,53.3,,,,,,,,
109,,,,,,,0.0,9.8,,,,,,,Lee Smith,te,3.5,0.4,41.2,,,,,,,,
110,,,,,,,0.0,9.6,,,,,,,Deon Yelder,te,3.7,0.3,39.3,,,,,,,,
111,,,,,,,0.0,9.4,,,,,,,Sean Culkin,te,3.4,0.4,39.7,,,,,,,,
112,,,,,,,0.0,9.0,,,,,,,Jordan Leggett,te,4.2,0.3,29.7,,,,,,,,
113,,,,,,,0.1,8.9,,,,,,,Joshua Perkins,te,3.5,0.3,37.9,,,,,,,,
114,,,,,,,0.0,8.5,,,,,,,David Morgan,te,3.8,0.2,36.4,,,,,,,,
115,,,,,,,0.0,8.5,,,,,,,Cole Wick,te,3.6,0.3,33.2,,,,,,,,
116,,,,,,,0.0,8.0,,,,,,,Scott Simonson,te,3.4,0.3,31.2,,,,,,,,
117,,,,,,,0.0,7.9,,,,,,,Logan Thomas,te,2.9,0.4,24.7,,,,,,,,
118,,,,,,,0.0,7.7,,,,,,,Ben Braunecker,te,3.3,0.2,33.7,,,,,,,,
119,,,,,,,0.0,7.6,,,,,,,Jerome Cunningham,te,3.0,0.3,30.6,,,,,,,,
120,,,,,,,0.0,7.6,,,,,,,Eric Saubert,te,3.0,0.3,28.7,,,,,,,,
121,,,,,,,0.0,7.2,,,,,,,Tommy Sweeney,te,2.9,0.2,33.0,,,,,,,,
122,,,,,,,0.0,7.1,,,,,,,Ross Dwelley,te,3.1,0.2,26.5,,,,,,,,
123,,,,,,,0.0,6.5,,,,,,,Gabe Holmes,te,2.4,0.3,24.2,,,,,,,,
124,,,,,,,0.0,6.5,,,,,,,Clive Walford,te,2.6,0.3,24.1,,,,,,,,
125,,,,,,,0.0,6.4,,,,,,,Jerell Adams,te,2.8,0.1,33.0,,,,,,,,
126,,,,,,,0.0,6.4,,,,,,,Ross Travis,te,2.4,0.3,19.5,,,,,,,,
127,,,,,,,0.0,6.4,,,,,,,Ben Koyack,te,2.4,0.3,22.4,,,,,,,,
128,,,,,,,0.0,5.6,,,,,,,Rico Gathers,te,2.3,0.2,21.3,,,,,,,,
129,,,,,,,0.0,5.3,,,,,,,Matt Flanagan,te,2.0,0.2,20.4,,,,,,,,
130,,,,,,,0.0,5.0,,,,,,,A.J. Derby,te,2.0,0.1,23.5,,,,,,,,
131,,,,,,,0.0,4.8,,,,,,,Ryan Izzo,te,1.8,0.2,20.8,,,,,,,,
132,,,,,,,0.0,4.5,,,,,,,Evan Baylis,te,1.3,0.3,13.9,,,,,,,,
133,,,,,,,0.0,4.4,,,,,,,C.J. Conrad,te,1.8,0.1,19.4,,,,,,,,
134,,,,,,,0.0,4.2,,,,,,,Troy Fumagalli,te,1.8,0.1,18.6,,,,,,,,
135,,,,,,,0.0,4.2,,,,,,,Mason Schreck,te,1.7,0.1,18.6,,,,,,,,
136,,,,,,,0.0,3.9,,,,,,,Ryan Hewitt,te,1.5,0.1,17.1,,,,,,,,
137,,,,,,,0.0,3.3,,,,,,,Will Tye,te,1.2,0.1,12.4,,,,,,,,
138,,,,,,,0.0,3.1,,,,,,,Darrell Daniels,te,1.6,0.0,14.8,,,,,,,,
139,,,,,,,0.0,2.8,,,,,,,Johnny Mundt,te,1.2,0.1,9.8,,,,,,,,
140,,,,,,,0.0,0.0,,,,,,,Moritz Bohringer,te,0.0,0.0,0.0,,,,,,,,
141,,,,,,,0.0,0.0,,,,,,,Alex Ellis,te,0.0,0.0,0.0,,,,,,,,
142,,,,,,,0.0,0.0,,,,,,,Vince Mayle,te,0.0,0.0,0.0,,,,,,,,
143,,,,,,,0.0,0.0,,,,,,,Garrett Dickerson,te,0.0,0.0,0.0,,,,,,,,
144,,,,,,,0.0,0.0,,,,,,,Temarrick Hemingway,te,0.0,0.0,0.0,,,,,,,,
145,,,,,,,0.0,0.0,,,,,,,Cole Hikutini,te,0.0,0.0,0.0,,,,,,,,
146,,,,,,,0.0,0.0,,,,,,,Bucky Hodges,te,0.0,0.0,0.0,,,,,,,,
147,,,,,,,0.0,0.0,,,,,,,Austin Traylor,te,0.0,0.0,0.0,,,,,,,,
148,,,,,,,0.0,0.0,,,,,,,Donnie Ernsberger,te,0.0,0.0,0.0,,,,,,,,
149,,,,,,,0.0,0.0,,,,,,,Marcus Lucas,te,0.0,0.0,0.0,,,,,,,,
0,,29.9,35.7,133.0,,,,,,,,,,,Greg Zuerlein,k,,,,,,,,,,43.2,
1,,31.0,36.4,127.9,,,,,,,,,,,Justin Tucker,k,,,,,,,,,,35.1,
2,,27.9,33.3,127.8,,,,,,,,,,,Stephen Gostkowski,k,,,,,,,,,,44.1,
3,,27.3,32.8,124.1,,,,,,,,,,,Wil Lutz,k,,,,,,,,,,42.1,
4,,26.6,31.2,122.5,,,,,,,,,,,Harrison Butker,k,,,,,,,,,,42.8,
5,,28.4,34.5,121.1,,,,,,,,,,,Ka'imi Fairbairn,k,,,,,,,,,,35.8,
6,,28.0,32.3,119.7,,,,,,,,,,,Robbie Gould,k,,,,,,,,,,35.8,
7,,26.2,29.9,117.4,,,,,,,,,,,Michael Badgley,k,,,,,,,,,,38.9,
8,,25.0,30.3,115.5,,,,,,,,,,,Adam Vinatieri,k,,,,,,,,,,40.6,
9,,25.2,30.2,115.2,,,,,,,,,,,Austin Seibert,k,,,,,,,,,,39.6,
10,,27.6,33.0,114.9,,,,,,,,,,,Taylor Bertolet,k,,,,,,,,,,32.1,
11,,26.1,32.7,114.2,,,,,,,,,,,Brett Maher,k,,,,,,,,,,35.8,
12,,26.0,31.6,113.1,,,,,,,,,,,Mason Crosby,k,,,,,,,,,,35.0,
13,,25.3,30.6,112.6,,,,,,,,,,,Giorgio Tavecchio,k,,,,,,,,,,36.6,
14,,26.9,31.5,112.4,,,,,,,,,,,Matt Prater,k,,,,,,,,,,31.8,
15,,25.2,30.8,112.4,,,,,,,,,,,Jake Elliott,k,,,,,,,,,,36.9,
16,,26.0,31.6,111.3,,,,,,,,,,,Ryan Succop,k,,,,,,,,,,33.2,
17,,24.9,29.7,111.1,,,,,,,,,,,Graham Gano,k,,,,,,,,,,36.4,
18,,24.8,28.7,110.5,,,,,,,,,,,Jason Myers,k,,,,,,,,,,36.2,
19,,25.6,29.5,108.9,,,,,,,,,,,Aldrick Rosas,k,,,,,,,,,,32.0,
20,,24.7,29.4,107.9,,,,,,,,,,,Matt Gay,k,,,,,,,,,,33.9,
21,,22.2,27.8,106.5,,,,,,,,,,,Chris Boswell,k,,,,,,,,,,39.8,
22,,23.9,31.0,102.9,,,,,,,,,,,Dan Bailey,k,,,,,,,,,,31.2,
23,,22.6,28.0,102.1,,,,,,,,,,,Greg Joseph,k,,,,,,,,,,34.3,
24,,24.1,28.1,101.5,,,,,,,,,,,Josh Lambo,k,,,,,,,,,,29.2,
25,,23.9,28.8,100.9,,,,,,,,,,,Daniel Carlson,k,,,,,,,,,,29.3,
26,,23.3,27.8,100.2,,,,,,,,,,,Brandon McManus,k,,,,,,,,,,30.3,
27,,22.3,29.3,99.9,,,,,,,,,,,Eddy Pineiro,k,,,,,,,,,,33.1,
28,,23.8,28.4,99.5,,,,,,,,,,,Dustin Hopkins,k,,,,,,,,,,28.2,
29,,21.4,28.4,99.2,,,,,,,,,,,Cairo Santos,k,,,,,,,,,,35.1,
30,,23.5,28.2,98.1,,,,,,,,,,,Steven Hauschka,k,,,,,,,,,,27.7,
31,,22.6,26.7,97.8,,,,,,,,,,,Randy Bullock,k,,,,,,,,,,30.0,
32,,22.5,25.3,95.7,,,,,,,,,,,Jason Sanders,k,,,,,,,,,,28.1,
33,,21.3,0.0,91.4,,,,,,,,,,,Elliott Fry,k,,,,,,,,,,27.7,
34,,20.8,26.7,91.1,,,,,,,,,,,Zane Gonzalez,k,,,,,,,,,,28.6,
35,,0.0,0.0,0.0,,,,,,,,,,,Tristan Vizcaino,k,,,,,,,,,,0.0,
36,,0.0,0.0,0.0,,,,,,,,,,,Sam Ficken,k,,,,,,,,,,0.0,
0,16.9,,,118.9,11.6,16.5,,,311.3,,,,,,Chicago Bears,dst,,,,,,,42.2,0.5,3.2,,5118.4
1,16.6,,,114.0,11.1,16.3,,,344.8,,,,,,Los Angeles Rams,dst,,,,,,,41.3,0.5,2.8,,5678.2
2,12.6,,,109.1,9.4,16.3,,,314.4,,,,,,Baltimore Ravens,dst,,,,,,,37.2,0.2,3.4,,5131.5
3,17.0,,,108.8,11.0,15.9,,,356.3,,,,,,Cleveland Browns,dst,,,,,,,38.4,0.2,2.7,,5626.7
4,17.3,,,108.0,10.8,14.6,,,335.7,,,,,,New Orleans Saints,dst,,,,,,,42.0,0.5,2.4,,5698.4
5,12.9,,,108.0,8.7,14.8,,,331.5,,,,,,Minnesota Vikings,dst,,,,,,,44.0,0.5,2.7,,5214.8
6,17.3,,,107.0,11.3,14.0,,,355.2,,,,,,Indianapolis Colts,dst,,,,,,,40.0,0.5,2.6,,5668.0
7,13.3,,,106.9,10.2,13.8,,,336.7,,,,,,Philadelphia Eagles,dst,,,,,,,40.8,0.9,2.8,,5508.7
8,13.9,,,106.8,10.1,13.5,,,344.6,,,,,,Pittsburgh Steelers,dst,,,,,,,44.5,0.2,2.5,,5482.9
9,19.0,,,106.5,11.9,13.8,,,341.6,,,,,,Houston Texans,dst,,,,,,,36.7,0.2,3.0,,5665.9
10,14.4,,,106.2,9.8,15.9,,,319.1,,,,,,New England Patriots,dst,,,,,,,36.6,0.5,2.9,,5543.3
11,17.5,,,105.9,11.0,13.6,,,355.7,,,,,,Denver Broncos,dst,,,,,,,40.6,0.5,2.5,,5612.8
12,18.2,,,105.7,11.2,13.6,,,381.6,,,,,,Carolina Panthers,dst,,,,,,,39.1,0.5,2.7,,5844.1
13,13.6,,,105.4,10.0,14.3,,,329.5,,,,,,Los Angeles Chargers,dst,,,,,,,38.7,0.5,2.8,,5470.1
14,17.2,,,105.0,10.8,16.1,,,348.4,,,,,,Buffalo Bills,dst,,,,,,,35.3,0.2,2.6,,5096.3
15,16.9,,,105.0,10.9,13.6,,,373.3,,,,,,Kansas City Chiefs,dst,,,,,,,39.3,0.6,2.6,,5924.5
16,12.6,,,105.0,9.9,14.1,,,334.8,,,,,,Jacksonville Jaguars,dst,,,,,,,38.9,0.5,2.8,,5184.1
17,15.3,,,104.0,9.9,12.4,,,394.5,,,,,,Arizona Cardinals,dst,,,,,,,43.1,0.9,2.4,,5762.4
18,16.8,,,102.2,10.3,13.4,,,369.1,,,,,,Washington Redskins,dst,,,,,,,41.7,0.2,2.1,,5661.3
19,18.0,,,100.8,11.7,13.2,,,352.2,,,,,,Seattle Seahawks,dst,,,,,,,35.6,0.2,2.5,,5657.1
20,12.5,,,98.5,9.4,13.0,,,382.5,,,,,,Green Bay Packers,dst,,,,,,,39.3,0.2,2.4,,5745.1
21,14.0,,,98.3,9.1,13.8,,,340.2,,,,,,Tennessee Titans,dst,,,,,,,37.5,0.2,2.5,,5579.1
22,15.1,,,98.3,11.2,13.0,,,342.2,,,,,,Dallas Cowboys,dst,,,,,,,36.9,0.2,2.1,,5408.3
23,13.6,,,96.9,9.5,13.5,,,385.6,,,,,,New York Jets,dst,,,,,,,34.9,0.5,2.5,,5745.8
24,13.7,,,95.4,9.2,13.2,,,394.5,,,,,,Atlanta Falcons,dst,,,,,,,35.4,0.5,2.4,,5992.8
25,13.2,,,95.4,9.8,11.1,,,406.1,,,,,,San Francisco 49ers,dst,,,,,,,38.0,0.2,2.5,,5660.0
26,14.1,,,95.4,9.5,11.5,,,368.6,,,,,,Detroit Lions,dst,,,,,,,38.1,0.5,2.4,,5690.5
27,12.7,,,93.5,8.6,14.1,,,390.4,,,,,,Cincinnati Bengals,dst,,,,,,,33.0,0.2,2.5,,5925.7
28,11.2,,,93.1,8.9,14.0,,,384.1,,,,,,New York Giants,dst,,,,,,,33.0,0.5,2.2,,5801.3
29,12.4,,,91.3,8.4,14.2,,,417.3,,,,,,Miami Dolphins,dst,,,,,,,29.4,0.5,2.6,,6178.6
30,14.5,,,90.7,10.0,11.4,,,421.8,,,,,,Tampa Bay Buccaneers,dst,,,,,,,34.1,0.5,2.1,,6187.4
31,10.4,,,80.5,8.1,12.8,,,430.0,,,,,,Oakland Raiders,dst,,,,,,,26.9,0.1,1.9,,6202.8
